<?xml version="1.0" encoding="UTF-8" standalone="no"?><report><license>EBRO</license><activityTry id="1"><latId>14704</latId><actId>16202</actId><userId>64724</userId><startDate>2018-03-27 16:06:38</startDate><endDate>2018-03-27 16:07:20</endDate><result>20</result><tryData/><tryResultData><![CDATA[{"organizations":{"ORG-7_General_browsing":{"resumeallidentifier":null,"suspendedglobalobjectives":null,"statuses":{"ITEM_7_General_browsing_1":"incomplete"},"cmi":{"ITEM_7_General_browsing_1":{"cmi._children":{"value":"core, suspend_data, launch_data, comments, objectives, student_data, student_preference, interactions","setbysco":false},"cmi._version":{"value":"3.4","setbysco":false},"cmi.core._children":{"value":"student_id, student_name, lesson_location, credit, lesson_status, entry, score, total_time, lesson_mode, exit, session_time","setbysco":false},"cmi.core.student_id":{"value":"64724","setbysco":false},"cmi.core.student_name":{"value":"gualumno, gualumno","setbysco":false},"cmi.core.lesson_location":{"value":"","setbysco":false},"cmi.core.credit":{"value":"credit","setbysco":false},"cmi.core.lesson_status":{"value":"incomplete","setbysco":true},"cmi.core.entry":{"value":"resume","setbysco":false},"cmi.core.score._children":{"value":"raw, min, max","setbysco":false},"cmi.core.score.raw":{"value":"20","setbysco":true},"cmi.core.score.max":{"value":"","setbysco":false},"cmi.core.score.min":{"value":"","setbysco":false},"cmi.core.total_time":{"value":"00:00:40","setbysco":false},"cmi.core.lesson_mode":{"value":"normal","setbysco":false},"cmi.core.exit":{"value":"suspend","setbysco":true},"cmi.core.session_time":{"value":"00:00:40","setbysco":true},"cmi.suspend_data":{"value":"Progress=I@PartialProgress=0-CCIIIIIIII@LastSeconds=0-38.763242@Status=incomplete@Location=0@Score=20","setbysco":true},"cmi.launch_data":{"value":"","setbysco":false},"cmi.comments":{"value":"","setbysco":false},"cmi.comments_from_lms":{"value":"","setbysco":false},"cmi.evaluation.comments._count":{"value":"0","setbysco":false},"cmi.evaluation.comments._children":{"value":"content, location, time","setbysco":false},"cmi.objectives._children":{"value":"id, score, status","setbysco":false},"cmi.objectives._count":{"value":"0","setbysco":false},"cmi.student_data._children":{"value":"mastery_score, max_time_allowed, time_limit_action","setbysco":false},"cmi.student_data.mastery_score":{"value":"","setbysco":false},"cmi.student_data.max_time_allowed":{"value":"","setbysco":false},"cmi.student_data.time_limit_action":{"value":"continue,no message","setbysco":false},"cmi.student_preference._children":{"value":"audio, language, speed, text","setbysco":false},"cmi.student_preference.audio":{"value":"0","setbysco":false},"cmi.student_preference.language":{"value":"","setbysco":false},"cmi.student_preference.speed":{"value":"0","setbysco":false},"cmi.student_preference.text":{"value":"0","setbysco":false},"cmi.interactions._children":{"value":"id, objectives, time, type, correct_responses, weighting, student_response, result, latency","setbysco":false},"cmi.interactions._count":{"value":"0","setbysco":false},"nav.event":{"value":"","setbysco":false}}},"adldata":null}},"globalobjectives":{}}]]></tryResultData><comments/></activityTry><activityTry id="2"><latId>14705</latId><actId>16216</actId><userId>64724</userId><startDate>2018-03-27 16:24:03</startDate><endDate>2018-03-27 16:25:05</endDate><result>20</result><tryData/><tryResultData><![CDATA[{"organizations":{"AE_01":{"resumeallidentifier":null,"suspendedglobalobjectives":null,"statuses":{"ITEM_01":"incomplete"},"cmi":{"ITEM_01":{"cmi._children":{"value":"core, suspend_data, launch_data, comments, objectives, student_data, student_preference, interactions","setbysco":false},"cmi._version":{"value":"3.4","setbysco":false},"cmi.core._children":{"value":"student_id, student_name, lesson_location, credit, lesson_status, entry, score, total_time, lesson_mode, exit, session_time","setbysco":false},"cmi.core.student_id":{"value":"64724","setbysco":false},"cmi.core.student_name":{"value":"gualumno, gualumno","setbysco":false},"cmi.core.lesson_location":{"value":"1","setbysco":true},"cmi.core.credit":{"value":"credit","setbysco":false},"cmi.core.lesson_status":{"value":"incomplete","setbysco":true},"cmi.core.entry":{"value":"resume","setbysco":false},"cmi.core.score._children":{"value":"raw, min, max","setbysco":false},"cmi.core.score.raw":{"value":"20","setbysco":true},"cmi.core.score.max":{"value":"","setbysco":false},"cmi.core.score.min":{"value":"","setbysco":false},"cmi.core.total_time":{"value":"00:01:01.26","setbysco":false},"cmi.core.lesson_mode":{"value":"normal","setbysco":false},"cmi.core.exit":{"value":"suspend","setbysco":true},"cmi.core.session_time":{"value":"00:01:01.26","setbysco":true},"cmi.suspend_data":{"value":"","setbysco":false},"cmi.launch_data":{"value":"","setbysco":false},"cmi.comments":{"value":"","setbysco":false},"cmi.comments_from_lms":{"value":"","setbysco":false},"cmi.evaluation.comments._count":{"value":"0","setbysco":false},"cmi.evaluation.comments._children":{"value":"content, location, time","setbysco":false},"cmi.objectives._children":{"value":"id, score, status","setbysco":false},"cmi.objectives._count":{"value":"0","setbysco":false},"cmi.student_data._children":{"value":"mastery_score, max_time_allowed, time_limit_action","setbysco":false},"cmi.student_data.mastery_score":{"value":"","setbysco":false},"cmi.student_data.max_time_allowed":{"value":"","setbysco":false},"cmi.student_data.time_limit_action":{"value":"continue,no message","setbysco":false},"cmi.student_preference._children":{"value":"audio, language, speed, text","setbysco":false},"cmi.student_preference.audio":{"value":"0","setbysco":false},"cmi.student_preference.language":{"value":"","setbysco":false},"cmi.student_preference.speed":{"value":"0","setbysco":false},"cmi.student_preference.text":{"value":"0","setbysco":false},"cmi.interactions._children":{"value":"id, objectives, time, type, correct_responses, weighting, student_response, result, latency","setbysco":false},"cmi.interactions._count":{"value":"0","setbysco":false},"nav.event":{"value":"exitAll","setbysco":false}}},"adldata":null}},"globalobjectives":{}}]]></tryResultData><comments/></activityTry><activityTry id="3"><latId>14801</latId><actId>16217</actId><userId>64724</userId><startDate>2018-03-27 17:12:47</startDate><endDate>2018-03-27 17:12:47</endDate><result>0</result><tryData/><tryResultData><![CDATA[{"organizations":{"AE_01":{"resumeallidentifier":null,"suspendedglobalobjectives":null,"statuses":{"ITEM_02":"incomplete"},"cmi":{"ITEM_02":{"cmi._children":{"value":"core, suspend_data, launch_data, comments, objectives, student_data, student_preference, interactions","setbysco":false},"cmi._version":{"value":"3.4","setbysco":false},"cmi.core._children":{"value":"student_id, student_name, lesson_location, credit, lesson_status, entry, score, total_time, lesson_mode, exit, session_time","setbysco":false},"cmi.core.student_id":{"value":"","setbysco":false},"cmi.core.student_name":{"value":"","setbysco":false},"cmi.core.lesson_location":{"value":"","setbysco":false},"cmi.core.credit":{"value":"credit","setbysco":false},"cmi.core.lesson_status":{"value":"incomplete","setbysco":true},"cmi.core.entry":{"value":"resume","setbysco":false},"cmi.core.score._children":{"value":"raw, min, max","setbysco":false},"cmi.core.score.raw":{"value":"","setbysco":false},"cmi.core.score.max":{"value":"","setbysco":false},"cmi.core.score.min":{"value":"","setbysco":false},"cmi.core.total_time":{"value":"00:00:14.26","setbysco":false},"cmi.core.lesson_mode":{"value":"normal","setbysco":false},"cmi.core.exit":{"value":"suspend","setbysco":true},"cmi.core.session_time":{"value":"00:00:14.26","setbysco":true},"cmi.suspend_data":{"value":"","setbysco":false},"cmi.launch_data":{"value":"","setbysco":false},"cmi.comments":{"value":"","setbysco":false},"cmi.comments_from_lms":{"value":"","setbysco":false},"cmi.evaluation.comments._count":{"value":"0","setbysco":false},"cmi.evaluation.comments._children":{"value":"content, location, time","setbysco":false},"cmi.objectives._children":{"value":"id, score, status","setbysco":false},"cmi.objectives._count":{"value":"0","setbysco":false},"cmi.student_data._children":{"value":"mastery_score, max_time_allowed, time_limit_action","setbysco":false},"cmi.student_data.mastery_score":{"value":"","setbysco":false},"cmi.student_data.max_time_allowed":{"value":"","setbysco":false},"cmi.student_data.time_limit_action":{"value":"continue,no message","setbysco":false},"cmi.student_preference._children":{"value":"audio, language, speed, text","setbysco":false},"cmi.student_preference.audio":{"value":"0","setbysco":false},"cmi.student_preference.language":{"value":"","setbysco":false},"cmi.student_preference.speed":{"value":"0","setbysco":false},"cmi.student_preference.text":{"value":"0","setbysco":false},"cmi.interactions._children":{"value":"id, objectives, time, type, correct_responses, weighting, student_response, result, latency","setbysco":false},"cmi.interactions._count":{"value":"0","setbysco":false},"nav.event":{"value":"","setbysco":false}}},"adldata":null}},"globalobjectives":{}}]]></tryResultData><comments/></activityTry><activityTry id="4"><latId>14802</latId><actId>16222</actId><userId>64724</userId><startDate>2018-03-27 17:15:32</startDate><endDate>2018-03-27 17:15:32</endDate><result>100</result><tryData/><tryResultData><![CDATA[{"organizations":{"AE_01":{"resumeallidentifier":null,"suspendedglobalobjectives":null,"statuses":{"ITEM_07":"passed"},"cmi":{"ITEM_07":{"cmi._children":{"value":"core, suspend_data, launch_data, comments, objectives, student_data, student_preference, interactions","setbysco":false},"cmi._version":{"value":"3.4","setbysco":false},"cmi.core._children":{"value":"student_id, student_name, lesson_location, credit, lesson_status, entry, score, total_time, lesson_mode, exit, session_time","setbysco":false},"cmi.core.student_id":{"value":"","setbysco":false},"cmi.core.student_name":{"value":"","setbysco":false},"cmi.core.lesson_location":{"value":"7","setbysco":true},"cmi.core.credit":{"value":"credit","setbysco":false},"cmi.core.lesson_status":{"value":"passed","setbysco":true},"cmi.core.entry":{"value":"","setbysco":false},"cmi.core.score._children":{"value":"raw, min, max","setbysco":false},"cmi.core.score.raw":{"value":"100","setbysco":true},"cmi.core.score.max":{"value":"","setbysco":false},"cmi.core.score.min":{"value":"","setbysco":false},"cmi.core.total_time":{"value":"00:01:39.38","setbysco":false},"cmi.core.lesson_mode":{"value":"normal","setbysco":false},"cmi.core.exit":{"value":"logout","setbysco":true},"cmi.core.session_time":{"value":"00:01:39.38","setbysco":true},"cmi.suspend_data":{"value":"","setbysco":false},"cmi.launch_data":{"value":"","setbysco":false},"cmi.comments":{"value":"","setbysco":false},"cmi.comments_from_lms":{"value":"","setbysco":false},"cmi.evaluation.comments._count":{"value":"0","setbysco":false},"cmi.evaluation.comments._children":{"value":"content, location, time","setbysco":false},"cmi.objectives._children":{"value":"id, score, status","setbysco":false},"cmi.objectives._count":{"value":"0","setbysco":false},"cmi.student_data._children":{"value":"mastery_score, max_time_allowed, time_limit_action","setbysco":false},"cmi.student_data.mastery_score":{"value":"","setbysco":false},"cmi.student_data.max_time_allowed":{"value":"","setbysco":false},"cmi.student_data.time_limit_action":{"value":"continue,no message","setbysco":false},"cmi.student_preference._children":{"value":"audio, language, speed, text","setbysco":false},"cmi.student_preference.audio":{"value":"0","setbysco":false},"cmi.student_preference.language":{"value":"","setbysco":false},"cmi.student_preference.speed":{"value":"0","setbysco":false},"cmi.student_preference.text":{"value":"0","setbysco":false},"cmi.interactions._children":{"value":"id, objectives, time, type, correct_responses, weighting, student_response, result, latency","setbysco":false},"cmi.interactions._count":{"value":"0","setbysco":false},"nav.event":{"value":"","setbysco":false}}},"adldata":null}},"globalobjectives":{}}]]></tryResultData><comments/></activityTry><activityTry id="5"><latId>14803</latId><actId>16217</actId><userId>64724</userId><startDate>2018-03-27 17:18:12</startDate><endDate>2018-03-27 17:18:13</endDate><result>71</result><tryData/><tryResultData><![CDATA[{"organizations":{"AE_01":{"resumeallidentifier":null,"suspendedglobalobjectives":null,"statuses":{"ITEM_02":"incomplete"},"cmi":{"ITEM_02":{"cmi._children":{"value":"core, suspend_data, launch_data, comments, objectives, student_data, student_preference, interactions","setbysco":false},"cmi._version":{"value":"3.4","setbysco":false},"cmi.core._children":{"value":"student_id, student_name, lesson_location, credit, lesson_status, entry, score, total_time, lesson_mode, exit, session_time","setbysco":false},"cmi.core.student_id":{"value":"","setbysco":false},"cmi.core.student_name":{"value":"","setbysco":false},"cmi.core.lesson_location":{"value":"5","setbysco":true},"cmi.core.credit":{"value":"credit","setbysco":false},"cmi.core.lesson_status":{"value":"incomplete","setbysco":true},"cmi.core.entry":{"value":"resume","setbysco":false},"cmi.core.score._children":{"value":"raw, min, max","setbysco":false},"cmi.core.score.raw":{"value":"71","setbysco":true},"cmi.core.score.max":{"value":"","setbysco":false},"cmi.core.score.min":{"value":"","setbysco":false},"cmi.core.total_time":{"value":"00:02:42.16","setbysco":false},"cmi.core.lesson_mode":{"value":"normal","setbysco":false},"cmi.core.exit":{"value":"suspend","setbysco":true},"cmi.core.session_time":{"value":"00:02:27.90","setbysco":true},"cmi.suspend_data":{"value":"","setbysco":false},"cmi.launch_data":{"value":"","setbysco":false},"cmi.comments":{"value":"","setbysco":false},"cmi.comments_from_lms":{"value":"","setbysco":false},"cmi.evaluation.comments._count":{"value":"0","setbysco":false},"cmi.evaluation.comments._children":{"value":"content, location, time","setbysco":false},"cmi.objectives._children":{"value":"id, score, status","setbysco":false},"cmi.objectives._count":{"value":"0","setbysco":false},"cmi.student_data._children":{"value":"mastery_score, max_time_allowed, time_limit_action","setbysco":false},"cmi.student_data.mastery_score":{"value":"","setbysco":false},"cmi.student_data.max_time_allowed":{"value":"","setbysco":false},"cmi.student_data.time_limit_action":{"value":"continue,no message","setbysco":false},"cmi.student_preference._children":{"value":"audio, language, speed, text","setbysco":false},"cmi.student_preference.audio":{"value":"0","setbysco":false},"cmi.student_preference.language":{"value":"","setbysco":false},"cmi.student_preference.speed":{"value":"0","setbysco":false},"cmi.student_preference.text":{"value":"0","setbysco":false},"cmi.interactions._children":{"value":"id, objectives, time, type, correct_responses, weighting, student_response, result, latency","setbysco":false},"cmi.interactions._count":{"value":"0","setbysco":false},"nav.event":{"value":"","setbysco":false}}},"adldata":null}},"globalobjectives":{}}]]></tryResultData><comments/></activityTry></report>