<?xml version="1.0" encoding="UTF-8" standalone="no"?><report><activityTry id="1"><latId>8901</latId><actId>9301</actId><userId>64703</userId><startDate>2016-02-20 22:33:54</startDate><endDate/><result>0</result><tryData/><tryResultData><![CDATA[{"organizations":{"AE_01":{"resumeallidentifier":null,"suspendedglobalobjectives":null,"statuses":{"ITEM_01":"incomplete"},"cmi":{"ITEM_01":{"cmi._children":{"value":"core, suspend_data, launch_data, comments, objectives, student_data, student_preference, interactions","setbysco":false},"cmi._version":{"value":"3.4","setbysco":false},"cmi.core._children":{"value":"student_id, student_name, lesson_location, credit, lesson_status, entry, score, total_time, lesson_mode, exit, session_time","setbysco":false},"cmi.core.student_id":{"value":"64703","setbysco":false},"cmi.core.student_name":{"value":"guprofesores, guprofesores","setbysco":false},"cmi.core.lesson_location":{"value":"1","setbysco":true},"cmi.core.credit":{"value":"credit","setbysco":false},"cmi.core.lesson_status":{"value":"incomplete","setbysco":true},"cmi.core.entry":{"value":"resume","setbysco":false},"cmi.core.score._children":{"value":"raw, min, max","setbysco":false},"cmi.core.score.raw":{"value":"","setbysco":false},"cmi.core.score.max":{"value":"","setbysco":false},"cmi.core.score.min":{"value":"","setbysco":false},"cmi.core.total_time":{"value":"00:00:10.71","setbysco":false},"cmi.core.lesson_mode":{"value":"normal","setbysco":false},"cmi.core.exit":{"value":"suspend","setbysco":true},"cmi.core.session_time":{"value":"00:00:10.71","setbysco":true},"cmi.suspend_data":{"value":"","setbysco":false},"cmi.launch_data":{"value":"","setbysco":false},"cmi.comments":{"value":"","setbysco":false},"cmi.comments_from_lms":{"value":"","setbysco":false},"cmi.evaluation.comments._count":{"value":"0","setbysco":false},"cmi.evaluation.comments._children":{"value":"content, location, time","setbysco":false},"cmi.objectives._children":{"value":"id, score, status","setbysco":false},"cmi.objectives._count":{"value":"0","setbysco":false},"cmi.student_data._children":{"value":"mastery_score, max_time_allowed, time_limit_action","setbysco":false},"cmi.student_data.mastery_score":{"value":"","setbysco":false},"cmi.student_data.max_time_allowed":{"value":"","setbysco":false},"cmi.student_data.time_limit_action":{"value":"continue,no message","setbysco":false},"cmi.student_preference._children":{"value":"audio, language, speed, text","setbysco":false},"cmi.student_preference.audio":{"value":"0","setbysco":false},"cmi.student_preference.language":{"value":"","setbysco":false},"cmi.student_preference.speed":{"value":"0","setbysco":false},"cmi.student_preference.text":{"value":"0","setbysco":false},"cmi.interactions._children":{"value":"id, objectives, time, type, correct_responses, weighting, student_response, result, latency","setbysco":false},"cmi.interactions._count":{"value":"0","setbysco":false},"nav.event":{"value":"","setbysco":false}}},"adldata":null}},"globalobjectives":{}}]]></tryResultData><comments/></activityTry><activityTry id="2"><latId>8902</latId><actId>9302</actId><userId>64703</userId><startDate>2016-02-20 22:34:07</startDate><endDate/><result>0</result><tryData/><tryResultData><![CDATA[{"organizations":{"AE_01":{"resumeallidentifier":null,"suspendedglobalobjectives":null,"statuses":{"ITEM_02":"incomplete"},"cmi":{"ITEM_02":{"cmi._children":{"value":"core, suspend_data, launch_data, comments, objectives, student_data, student_preference, interactions","setbysco":false},"cmi._version":{"value":"3.4","setbysco":false},"cmi.core._children":{"value":"student_id, student_name, lesson_location, credit, lesson_status, entry, score, total_time, lesson_mode, exit, session_time","setbysco":false},"cmi.core.student_id":{"value":"64703","setbysco":false},"cmi.core.student_name":{"value":"guprofesores, guprofesores","setbysco":false},"cmi.core.lesson_location":{"value":"","setbysco":false},"cmi.core.credit":{"value":"credit","setbysco":false},"cmi.core.lesson_status":{"value":"incomplete","setbysco":true},"cmi.core.entry":{"value":"resume","setbysco":false},"cmi.core.score._children":{"value":"raw, min, max","setbysco":false},"cmi.core.score.raw":{"value":"","setbysco":false},"cmi.core.score.max":{"value":"","setbysco":false},"cmi.core.score.min":{"value":"","setbysco":false},"cmi.core.total_time":{"value":"00:00:06.54","setbysco":false},"cmi.core.lesson_mode":{"value":"normal","setbysco":false},"cmi.core.exit":{"value":"suspend","setbysco":true},"cmi.core.session_time":{"value":"00:00:06.54","setbysco":true},"cmi.suspend_data":{"value":"","setbysco":false},"cmi.launch_data":{"value":"","setbysco":false},"cmi.comments":{"value":"","setbysco":false},"cmi.comments_from_lms":{"value":"","setbysco":false},"cmi.evaluation.comments._count":{"value":"0","setbysco":false},"cmi.evaluation.comments._children":{"value":"content, location, time","setbysco":false},"cmi.objectives._children":{"value":"id, score, status","setbysco":false},"cmi.objectives._count":{"value":"0","setbysco":false},"cmi.student_data._children":{"value":"mastery_score, max_time_allowed, time_limit_action","setbysco":false},"cmi.student_data.mastery_score":{"value":"","setbysco":false},"cmi.student_data.max_time_allowed":{"value":"","setbysco":false},"cmi.student_data.time_limit_action":{"value":"continue,no message","setbysco":false},"cmi.student_preference._children":{"value":"audio, language, speed, text","setbysco":false},"cmi.student_preference.audio":{"value":"0","setbysco":false},"cmi.student_preference.language":{"value":"","setbysco":false},"cmi.student_preference.speed":{"value":"0","setbysco":false},"cmi.student_preference.text":{"value":"0","setbysco":false},"cmi.interactions._children":{"value":"id, objectives, time, type, correct_responses, weighting, student_response, result, latency","setbysco":false},"cmi.interactions._count":{"value":"0","setbysco":false},"nav.event":{"value":"","setbysco":false}}},"adldata":null}},"globalobjectives":{}}]]></tryResultData><comments/></activityTry><activityTry id="3"><latId>8903</latId><actId>9301</actId><userId>64703</userId><startDate>2016-02-20 22:34:14</startDate><endDate>2016-02-20 22:34:29</endDate><result>0</result><tryData/><tryResultData><![CDATA[{"organizations":{"AE_01":{"resumeallidentifier":null,"suspendedglobalobjectives":null,"statuses":{"ITEM_01":"incomplete"},"cmi":{"ITEM_01":{"cmi._children":{"value":"core, suspend_data, launch_data, comments, objectives, student_data, student_preference, interactions","setbysco":false},"cmi._version":{"value":"3.4","setbysco":false},"cmi.core._children":{"value":"student_id, student_name, lesson_location, credit, lesson_status, entry, score, total_time, lesson_mode, exit, session_time","setbysco":false},"cmi.core.student_id":{"value":"64703","setbysco":false},"cmi.core.student_name":{"value":"guprofesores, guprofesores","setbysco":false},"cmi.core.lesson_location":{"value":"1","setbysco":true},"cmi.core.credit":{"value":"credit","setbysco":false},"cmi.core.lesson_status":{"value":"incomplete","setbysco":true},"cmi.core.entry":{"value":"resume","setbysco":false},"cmi.core.score._children":{"value":"raw, min, max","setbysco":false},"cmi.core.score.raw":{"value":"","setbysco":false},"cmi.core.score.max":{"value":"","setbysco":false},"cmi.core.score.min":{"value":"","setbysco":false},"cmi.core.total_time":{"value":"00:00:24.28","setbysco":false},"cmi.core.lesson_mode":{"value":"normal","setbysco":false},"cmi.core.exit":{"value":"suspend","setbysco":true},"cmi.core.session_time":{"value":"00:00:13.57","setbysco":true},"cmi.suspend_data":{"value":"","setbysco":false},"cmi.launch_data":{"value":"","setbysco":false},"cmi.comments":{"value":"","setbysco":false},"cmi.comments_from_lms":{"value":"","setbysco":false},"cmi.evaluation.comments._count":{"value":"0","setbysco":false},"cmi.evaluation.comments._children":{"value":"content, location, time","setbysco":false},"cmi.objectives._children":{"value":"id, score, status","setbysco":false},"cmi.objectives._count":{"value":"0","setbysco":false},"cmi.student_data._children":{"value":"mastery_score, max_time_allowed, time_limit_action","setbysco":false},"cmi.student_data.mastery_score":{"value":"","setbysco":false},"cmi.student_data.max_time_allowed":{"value":"","setbysco":false},"cmi.student_data.time_limit_action":{"value":"continue,no message","setbysco":false},"cmi.student_preference._children":{"value":"audio, language, speed, text","setbysco":false},"cmi.student_preference.audio":{"value":"0","setbysco":false},"cmi.student_preference.language":{"value":"","setbysco":false},"cmi.student_preference.speed":{"value":"0","setbysco":false},"cmi.student_preference.text":{"value":"0","setbysco":false},"cmi.interactions._children":{"value":"id, objectives, time, type, correct_responses, weighting, student_response, result, latency","setbysco":false},"cmi.interactions._count":{"value":"0","setbysco":false},"nav.event":{"value":"","setbysco":false}}},"adldata":null}},"globalobjectives":{}}]]></tryResultData><comments/></activityTry><activityTry id="4"><latId>8904</latId><actId>9304</actId><userId>64703</userId><startDate>2016-02-20 22:34:29</startDate><endDate/><result>0</result><tryData/><tryResultData/><comments/></activityTry></report>