<?xml version="1.0" encoding="UTF-8" standalone="no"?><report><license>100e-d98b-8764-10e3</license><course id="1"><courseId>6701</courseId><companyId>10153</companyId><groupId>10179</groupId><userId>79503</userId><userName>profesor, profesor</userName><groupCreatedId>145732</groupCreatedId><createDate>2018-03-27 16:22:38</createDate><modifiedDate>2018-03-27 16:22:41</modifiedDate><status>0</status><title><![CDATA[<?xml version='1.0' encoding='UTF-8'?><root available-locales='es_ES' default-locale='es_ES'><Title language-id='es_ES'>Test</Title></root>]]></title><description/><friendlyURL>/test0</friendlyURL><startDate>2018-03-27 16:22:00</startDate><endDate>2025-03-27 16:22:00</endDate><icon>0</icon><courseEvalId>2</courseEvalId><courseExtraData/><closed>false</closed><maxUsers>0</maxUsers><calificationType>1</calificationType><registered>1</registered><courseResults><courseResult><crId>4902</crId><result>12</result><comments/><userId>64724</userId><passed>false</passed><startDate>2018-03-27 16:24:03</startDate><passedDate/></courseResult></courseResults></course></report>