<?xml version="1.0" encoding="UTF-8" standalone="no"?><report><course id="1"><courseId>3502</courseId><companyId>10153</companyId><groupId>10179</groupId><userId>10195</userId><userName>Test, Administrador</userName><groupCreatedId>72304</groupCreatedId><createDate>2016-02-16 17:06:49</createDate><modifiedDate>2016-02-16 17:29:13</modifiedDate><status>0</status><title><![CDATA[<?xml version='1.0' encoding='UTF-8'?><root available-locales="es_ES" default-locale="es_ES"><Title language-id="es_ES">Unidade 1: Início da Aprendizagem, vogais</Title></root>]]></title><description/><friendlyURL>/unidade-1-inicio-da-aprendizagem-vogais0</friendlyURL><startDate>2016-02-16 17:05:00</startDate><endDate>2017-02-16 17:05:00</endDate><icon>0</icon><courseEvalId>0</courseEvalId><courseExtraData/><closed>false</closed><maxUsers>0</maxUsers><calificationType>1</calificationType><registered>1</registered><courseResults><courseResult><crId>1501</crId><result>0</result><comments/><userId>64703</userId><passed>false</passed><startDate/><passedDate/></courseResult></courseResults></course><course id="2"><courseId>3503</courseId><companyId>10153</companyId><groupId>10179</groupId><userId>10195</userId><userName>Test, Administrador</userName><groupCreatedId>72366</groupCreatedId><createDate>2016-02-16 17:08:59</createDate><modifiedDate>2016-02-16 17:09:02</modifiedDate><status>0</status><title><![CDATA[<?xml version='1.0' encoding='UTF-8'?><root available-locales="es_ES" default-locale="es_ES"><Title language-id="es_ES">Unidade 2: Famílias Silábicas e Artigo Definido </Title></root>]]></title><description/><friendlyURL>/unidade-2-familias-silabicas-e-artigo-definido</friendlyURL><startDate>2016-02-16 17:08:00</startDate><endDate>2017-02-16 17:08:00</endDate><icon>0</icon><courseEvalId>0</courseEvalId><courseExtraData/><closed>false</closed><maxUsers>0</maxUsers><calificationType>1</calificationType><registered>1</registered><courseResults><courseResult><crId>1502</crId><result>0</result><comments/><userId>64724</userId><passed>false</passed><startDate>2016-02-16 20:14:13</startDate><passedDate/></courseResult></courseResults></course><course id="3"><courseId>3504</courseId><companyId>10153</companyId><groupId>10179</groupId><userId>64703</userId><userName>guprofesores, guprofesores</userName><groupCreatedId>72466</groupCreatedId><createDate>2016-02-16 17:49:09</createDate><modifiedDate>2016-02-16 17:49:12</modifiedDate><status>0</status><title><![CDATA[<?xml version='1.0' encoding='UTF-8'?><root available-locales="es_ES,pt_BR," default-locale="es_ES"><Title language-id="pt_BR">Unidade 1. O surgimentos dos números: contando até 5 (cinco)</Title><Title language-id="es_ES">Unidade 1. O surgimentos dos números: contando até 5 (cinco)</Title></root>]]></title><description/><friendlyURL>/unidade-1-o-surgimentos-dos-numeros-contando-ate-5-cinco-</friendlyURL><startDate>2016-02-16 17:47:00</startDate><endDate>2017-02-16 17:47:00</endDate><icon>0</icon><courseEvalId>0</courseEvalId><courseExtraData/><closed>false</closed><maxUsers>0</maxUsers><calificationType>1</calificationType><registered>1</registered><courseResults/></course><course id="4"><courseId>3505</courseId><companyId>10153</companyId><groupId>10179</groupId><userId>64703</userId><userName>guprofesores, guprofesores</userName><groupCreatedId>72529</groupCreatedId><createDate>2016-02-16 18:04:27</createDate><modifiedDate>2016-02-16 18:04:30</modifiedDate><status>0</status><title><![CDATA[<?xml version='1.0' encoding='UTF-8'?><root available-locales="es_ES,pt_BR," default-locale="es_ES"><Title language-id="pt_BR">Unidade 3: Famílias Silábicas e Artigo Indefinido</Title><Title language-id="es_ES">Unidade 3: Famílias Silábicas e Artigo Indefinido</Title></root>]]></title><description/><friendlyURL>/unidade-3-familias-silabicas-e-artigo-indefinido</friendlyURL><startDate>2016-02-16 18:03:00</startDate><endDate>2017-02-16 18:03:00</endDate><icon>0</icon><courseEvalId>0</courseEvalId><courseExtraData/><closed>false</closed><maxUsers>0</maxUsers><calificationType>1</calificationType><registered>1</registered><courseResults><courseResult><crId>1503</crId><result>0</result><comments/><userId>64724</userId><passed>false</passed><startDate/><passedDate/></courseResult></courseResults></course><course id="5"><courseId>3506</courseId><companyId>10153</companyId><groupId>10179</groupId><userId>64703</userId><userName>guprofesores, guprofesores</userName><groupCreatedId>72591</groupCreatedId><createDate>2016-02-16 18:05:07</createDate><modifiedDate>2016-02-16 18:05:10</modifiedDate><status>0</status><title><![CDATA[<?xml version='1.0' encoding='UTF-8'?><root available-locales="es_ES,pt_BR," default-locale="es_ES"><Title language-id="pt_BR">Unidade 4: Famílias Silábicas e Substantivos comuns</Title><Title language-id="es_ES">Unidade 4: Famílias Silábicas e Substantivos comuns</Title></root>]]></title><description/><friendlyURL>/unidade-4-familias-silabicas-e-substantivos-comuns</friendlyURL><startDate>2016-02-16 18:04:00</startDate><endDate>2017-02-16 18:04:00</endDate><icon>0</icon><courseEvalId>0</courseEvalId><courseExtraData/><closed>false</closed><maxUsers>0</maxUsers><calificationType>1</calificationType><registered>1</registered><courseResults/></course><course id="6"><courseId>3507</courseId><companyId>10153</companyId><groupId>10179</groupId><userId>64703</userId><userName>guprofesores, guprofesores</userName><groupCreatedId>72653</groupCreatedId><createDate>2016-02-16 18:05:42</createDate><modifiedDate>2016-02-16 18:05:45</modifiedDate><status>0</status><title><![CDATA[<?xml version='1.0' encoding='UTF-8'?><root available-locales="es_ES,pt_BR," default-locale="es_ES"><Title language-id="pt_BR">Unidade 5: Consoantes e Adjetivos</Title><Title language-id="es_ES">Unidade 5: Consoantes e Adjetivos</Title></root>]]></title><description/><friendlyURL>/unidade-5-consoantes-e-adjetivos</friendlyURL><startDate>2016-02-16 18:05:00</startDate><endDate>2017-02-16 18:05:00</endDate><icon>0</icon><courseEvalId>0</courseEvalId><courseExtraData/><closed>false</closed><maxUsers>0</maxUsers><calificationType>1</calificationType><registered>1</registered><courseResults/></course><course id="7"><courseId>3508</courseId><companyId>10153</companyId><groupId>10179</groupId><userId>64703</userId><userName>guprofesores, guprofesores</userName><groupCreatedId>72715</groupCreatedId><createDate>2016-02-16 18:06:15</createDate><modifiedDate>2016-02-16 18:06:18</modifiedDate><status>0</status><title><![CDATA[<?xml version='1.0' encoding='UTF-8'?><root available-locales="es_ES,pt_BR," default-locale="es_ES"><Title language-id="pt_BR">Unidade 6: Famílias Silábicas e Substantivos comuns</Title><Title language-id="es_ES">Unidade 6: Famílias Silábicas e Substantivos comuns</Title></root>]]></title><description/><friendlyURL>/unidade-6-familias-silabicas-e-substantivos-comuns</friendlyURL><startDate>2016-02-16 18:05:00</startDate><endDate>2017-02-16 18:05:00</endDate><icon>0</icon><courseEvalId>0</courseEvalId><courseExtraData/><closed>false</closed><maxUsers>0</maxUsers><calificationType>1</calificationType><registered>1</registered><courseResults/></course><course id="8"><courseId>3509</courseId><companyId>10153</companyId><groupId>10179</groupId><userId>64703</userId><userName>guprofesores, guprofesores</userName><groupCreatedId>72777</groupCreatedId><createDate>2016-02-16 18:07:13</createDate><modifiedDate>2016-02-16 18:07:16</modifiedDate><status>0</status><title><![CDATA[<?xml version='1.0' encoding='UTF-8'?><root available-locales="es_ES,pt_BR," default-locale="es_ES"><Title language-id="pt_BR">Unidade 7: Encontros Consonantais e Enumeração</Title><Title language-id="es_ES">Unidade 7: Encontros Consonantais e Enumeração</Title></root>]]></title><description/><friendlyURL>/unidade-7-encontros-consonantais-e-enumeracao</friendlyURL><startDate>2016-02-16 18:06:00</startDate><endDate>2017-02-16 18:06:00</endDate><icon>0</icon><courseEvalId>0</courseEvalId><courseExtraData/><closed>false</closed><maxUsers>0</maxUsers><calificationType>1</calificationType><registered>1</registered><courseResults/></course><course id="9"><courseId>3510</courseId><companyId>10153</companyId><groupId>10179</groupId><userId>64703</userId><userName>guprofesores, guprofesores</userName><groupCreatedId>72839</groupCreatedId><createDate>2016-02-16 18:07:57</createDate><modifiedDate>2016-02-16 18:08:00</modifiedDate><status>0</status><title><![CDATA[<?xml version='1.0' encoding='UTF-8'?><root available-locales="es_ES,pt_BR," default-locale="es_ES"><Title language-id="pt_BR">Unidade 8: Encontros Consonantais, Onomatopeias, Antônimos</Title><Title language-id="es_ES">Unidade 8: Encontros Consonantais, Onomatopeias, Antônimos</Title></root>]]></title><description/><friendlyURL>/unidade-8-encontros-consonantais-onomatopeias-antonimos</friendlyURL><startDate>2016-02-16 18:07:00</startDate><endDate>2017-02-16 18:07:00</endDate><icon>0</icon><courseEvalId>0</courseEvalId><courseExtraData/><closed>false</closed><maxUsers>0</maxUsers><calificationType>1</calificationType><registered>1</registered><courseResults/></course><course id="10"><courseId>3511</courseId><companyId>10153</companyId><groupId>10179</groupId><userId>64703</userId><userName>guprofesores, guprofesores</userName><groupCreatedId>72901</groupCreatedId><createDate>2016-02-16 18:08:28</createDate><modifiedDate>2016-02-16 18:08:31</modifiedDate><status>0</status><title><![CDATA[<?xml version='1.0' encoding='UTF-8'?><root available-locales="es_ES,pt_BR," default-locale="es_ES"><Title language-id="pt_BR">Unidade 9: Encontros Consonantais e Vocabulário</Title><Title language-id="es_ES">Unidade 9: Encontros Consonantais e Vocabulário</Title></root>]]></title><description/><friendlyURL>/unidade-9-encontros-consonantais-e-vocabulario</friendlyURL><startDate>2016-02-16 18:08:00</startDate><endDate>2017-02-16 18:08:00</endDate><icon>0</icon><courseEvalId>0</courseEvalId><courseExtraData/><closed>false</closed><maxUsers>0</maxUsers><calificationType>1</calificationType><registered>1</registered><courseResults/></course><course id="11"><courseId>3512</courseId><companyId>10153</companyId><groupId>10179</groupId><userId>64703</userId><userName>guprofesores, guprofesores</userName><groupCreatedId>72963</groupCreatedId><createDate>2016-02-16 18:09:01</createDate><modifiedDate>2016-02-16 18:09:04</modifiedDate><status>0</status><title><![CDATA[<?xml version='1.0' encoding='UTF-8'?><root available-locales="es_ES,pt_BR," default-locale="es_ES"><Title language-id="pt_BR">Unidade 10: Textos, singular e plural</Title><Title language-id="es_ES">Unidade 10: Textos, singular e plural</Title></root>]]></title><description/><friendlyURL>/unidade-10-textos-singular-e-plural</friendlyURL><startDate>2016-02-16 18:08:00</startDate><endDate>2017-02-16 18:08:00</endDate><icon>0</icon><courseEvalId>0</courseEvalId><courseExtraData/><closed>false</closed><maxUsers>0</maxUsers><calificationType>1</calificationType><registered>1</registered><courseResults><courseResult><crId>1701</crId><result>0</result><comments/><userId>64724</userId><passed>false</passed><startDate/><passedDate/></courseResult><courseResult><crId>1702</crId><result>0</result><comments/><userId>64703</userId><passed>false</passed><startDate/><passedDate/></courseResult></courseResults></course><course id="12"><courseId>3513</courseId><companyId>10153</companyId><groupId>10179</groupId><userId>64703</userId><userName>guprofesores, guprofesores</userName><groupCreatedId>73025</groupCreatedId><createDate>2016-02-16 18:09:42</createDate><modifiedDate>2016-02-16 18:09:45</modifiedDate><status>0</status><title><![CDATA[<?xml version='1.0' encoding='UTF-8'?><root available-locales="es_ES,pt_BR," default-locale="es_ES"><Title language-id="pt_BR">Unidade 11: Verbos e sílabas tônicas</Title><Title language-id="es_ES">Unidade 11: Verbos e sílabas tônicas</Title></root>]]></title><description/><friendlyURL>/unidade-11-verbos-e-silabas-tonicas</friendlyURL><startDate>2016-02-16 18:09:00</startDate><endDate>2017-02-16 18:09:00</endDate><icon>0</icon><courseEvalId>0</courseEvalId><courseExtraData/><closed>false</closed><maxUsers>0</maxUsers><calificationType>1</calificationType><registered>1</registered><courseResults/></course><course id="13"><courseId>3514</courseId><companyId>10153</companyId><groupId>10179</groupId><userId>64703</userId><userName>guprofesores, guprofesores</userName><groupCreatedId>73087</groupCreatedId><createDate>2016-02-16 18:10:17</createDate><modifiedDate>2016-02-16 18:10:20</modifiedDate><status>0</status><title><![CDATA[<?xml version='1.0' encoding='UTF-8'?><root available-locales="es_ES,pt_BR," default-locale="es_ES"><Title language-id="pt_BR">Unidade 12: Letras Maiúsculas e Substantivos Próprios</Title><Title language-id="es_ES">Unidade 12: Letras Maiúsculas e Substantivos Próprios</Title></root>]]></title><description/><friendlyURL>/unidade-12-letras-maiusculas-e-substantivos-proprios</friendlyURL><startDate>2016-02-16 18:09:00</startDate><endDate>2017-02-16 18:09:00</endDate><icon>0</icon><courseEvalId>0</courseEvalId><courseExtraData/><closed>false</closed><maxUsers>0</maxUsers><calificationType>1</calificationType><registered>1</registered><courseResults><courseResult><crId>1601</crId><result>0</result><comments/><userId>64703</userId><passed>false</passed><startDate>2016-02-17 12:33:00</startDate><passedDate/></courseResult></courseResults></course><course id="14"><courseId>3515</courseId><companyId>10153</companyId><groupId>10179</groupId><userId>64703</userId><userName>guprofesores, guprofesores</userName><groupCreatedId>73149</groupCreatedId><createDate>2016-02-16 18:13:36</createDate><modifiedDate>2016-02-16 18:13:38</modifiedDate><status>0</status><title><![CDATA[<?xml version='1.0' encoding='UTF-8'?><root available-locales="es_ES,pt_BR," default-locale="es_ES"><Title language-id="pt_BR">Unidade 13: Construção de Orações e Ditados</Title><Title language-id="es_ES">Unidade 13: Construção de Orações e Ditados</Title></root>]]></title><description/><friendlyURL>/unidade-13-construcao-de-oracoes-e-ditados</friendlyURL><startDate>2016-02-16 18:12:00</startDate><endDate>2017-02-16 18:12:00</endDate><icon>0</icon><courseEvalId>0</courseEvalId><courseExtraData/><closed>false</closed><maxUsers>0</maxUsers><calificationType>1</calificationType><registered>1</registered><courseResults><courseResult><crId>1602</crId><result>0</result><comments/><userId>64703</userId><passed>false</passed><startDate/><passedDate/></courseResult></courseResults></course><course id="15"><courseId>3516</courseId><companyId>10153</companyId><groupId>10179</groupId><userId>64703</userId><userName>guprofesores, guprofesores</userName><groupCreatedId>73211</groupCreatedId><createDate>2016-02-16 18:15:13</createDate><modifiedDate>2016-02-16 18:15:16</modifiedDate><status>0</status><title><![CDATA[<?xml version='1.0' encoding='UTF-8'?><root available-locales="es_ES,pt_BR," default-locale="es_ES"><Title language-id="pt_BR">Unidade 14: Produção de textos e Títulos</Title><Title language-id="es_ES">Unidade 14: Produção de textos e Títulos</Title></root>]]></title><description/><friendlyURL>/unidade-14-producao-de-textos-e-titulos</friendlyURL><startDate>2016-02-16 18:14:00</startDate><endDate>2017-02-16 18:14:00</endDate><icon>0</icon><courseEvalId>0</courseEvalId><courseExtraData/><closed>false</closed><maxUsers>0</maxUsers><calificationType>1</calificationType><registered>1</registered><courseResults/></course><course id="16"><courseId>3517</courseId><companyId>10153</companyId><groupId>10179</groupId><userId>64703</userId><userName>guprofesores, guprofesores</userName><groupCreatedId>73273</groupCreatedId><createDate>2016-02-16 18:16:00</createDate><modifiedDate>2016-02-16 18:16:02</modifiedDate><status>0</status><title><![CDATA[<?xml version='1.0' encoding='UTF-8'?><root available-locales="es_ES,pt_BR," default-locale="es_ES"><Title language-id="pt_BR">Unidade 15: Separação e classificação silábica, construção de carta</Title><Title language-id="es_ES">Unidade 15: Separação e classificação silábica, construção de carta</Title></root>]]></title><description/><friendlyURL>/unidade-15-separacao-e-classificacao-silabica-construcao-de-carta</friendlyURL><startDate>2016-02-16 18:15:00</startDate><endDate>2017-02-16 18:15:00</endDate><icon>0</icon><courseEvalId>0</courseEvalId><courseExtraData/><closed>false</closed><maxUsers>0</maxUsers><calificationType>1</calificationType><registered>1</registered><courseResults/></course><course id="17"><courseId>3518</courseId><companyId>10153</companyId><groupId>10179</groupId><userId>64703</userId><userName>guprofesores, guprofesores</userName><groupCreatedId>73335</groupCreatedId><createDate>2016-02-16 18:16:49</createDate><modifiedDate>2016-02-16 18:16:51</modifiedDate><status>0</status><title><![CDATA[<?xml version='1.0' encoding='UTF-8'?><root available-locales="es_ES,pt_BR," default-locale="es_ES"><Title language-id="pt_BR">Unidade 16: Sinais gráficos e ortografia</Title><Title language-id="es_ES">Unidade 16: Sinais gráficos e ortografia</Title></root>]]></title><description/><friendlyURL>/unidade-16-sinais-graficos-e-ortografia</friendlyURL><startDate>2016-02-16 18:16:00</startDate><endDate>2017-02-16 18:16:00</endDate><icon>0</icon><courseEvalId>0</courseEvalId><courseExtraData/><closed>false</closed><maxUsers>0</maxUsers><calificationType>1</calificationType><registered>1</registered><courseResults/></course><course id="18"><courseId>3519</courseId><companyId>10153</companyId><groupId>10179</groupId><userId>64703</userId><userName>guprofesores, guprofesores</userName><groupCreatedId>73692</groupCreatedId><createDate>2016-02-16 20:03:58</createDate><modifiedDate>2016-02-16 20:07:53</modifiedDate><status>0</status><title><![CDATA[<?xml version='1.0' encoding='UTF-8'?><root available-locales="es_ES,pt_BR," default-locale="es_ES"><Title language-id="es_ES">Unidade 2: Sequencias numéricas e adições</Title><Title language-id="pt_BR">Sequencias numéricas e adições</Title></root>]]></title><description/><friendlyURL>/sequencias-numericas-e-adicoes</friendlyURL><startDate>2016-02-16 20:03:00</startDate><endDate>2017-02-16 20:03:00</endDate><icon>0</icon><courseEvalId>0</courseEvalId><courseExtraData/><closed>false</closed><maxUsers>0</maxUsers><calificationType>1</calificationType><registered>1</registered><courseResults/></course><course id="19"><courseId>3520</courseId><companyId>10153</companyId><groupId>10179</groupId><userId>64703</userId><userName>guprofesores, guprofesores</userName><groupCreatedId>73754</groupCreatedId><createDate>2016-02-16 20:04:37</createDate><modifiedDate>2016-02-16 20:10:14</modifiedDate><status>0</status><title><![CDATA[<?xml version='1.0' encoding='UTF-8'?><root available-locales="es_ES,pt_BR," default-locale="es_ES"><Title language-id="es_ES">Unidad 3: O número 10 (dez); contagem e decomposição</Title><Title language-id="pt_BR">O número 10 (dez); contagem e decomposição</Title></root>]]></title><description/><friendlyURL>/o-numero-10-dez-contagem-e-decomposicao</friendlyURL><startDate>2016-02-16 20:04:00</startDate><endDate>2017-02-16 20:04:00</endDate><icon>0</icon><courseEvalId>0</courseEvalId><courseExtraData/><closed>false</closed><maxUsers>0</maxUsers><calificationType>1</calificationType><registered>1</registered><courseResults/></course><course id="20"><courseId>3521</courseId><companyId>10153</companyId><groupId>10179</groupId><userId>64703</userId><userName>guprofesores, guprofesores</userName><groupCreatedId>73816</groupCreatedId><createDate>2016-02-16 20:05:05</createDate><modifiedDate>2016-02-16 20:10:42</modifiedDate><status>0</status><title><![CDATA[<?xml version='1.0' encoding='UTF-8'?><root available-locales="es_ES,pt_BR," default-locale="es_ES"><Title language-id="es_ES">Unidade 4: O sistema de numeração decimal: dezenas e subtrações</Title><Title language-id="pt_BR">O sistema de numeração decimal: dezenas e subtrações</Title></root>]]></title><description/><friendlyURL>/o-sistema-de-numeracao-decimal-dezenas-e-subtracoes</friendlyURL><startDate>2016-02-16 20:04:00</startDate><endDate>2017-02-16 20:04:00</endDate><icon>0</icon><courseEvalId>0</courseEvalId><courseExtraData/><closed>false</closed><maxUsers>0</maxUsers><calificationType>1</calificationType><registered>1</registered><courseResults/></course><course id="21"><courseId>3522</courseId><companyId>10153</companyId><groupId>10179</groupId><userId>64703</userId><userName>guprofesores, guprofesores</userName><groupCreatedId>73878</groupCreatedId><createDate>2016-02-16 20:05:57</createDate><modifiedDate>2016-02-16 20:09:01</modifiedDate><status>0</status><title><![CDATA[<?xml version='1.0' encoding='UTF-8'?><root available-locales="es_ES,pt_BR," default-locale="es_ES"><Title language-id="es_ES">Unidade 5: Formalizando as operações básicas de adição e subtração</Title><Title language-id="pt_BR">Formalizando as operações básicas de adição e subtração</Title></root>]]></title><description/><friendlyURL>/formalizando-as-operacoes-basicas-de-adicao-e-subtracao</friendlyURL><startDate>2016-02-16 20:05:00</startDate><endDate>2017-02-16 20:05:00</endDate><icon>0</icon><courseEvalId>0</courseEvalId><courseExtraData/><closed>false</closed><maxUsers>0</maxUsers><calificationType>1</calificationType><registered>1</registered><courseResults/></course><course id="22"><courseId>3601</courseId><companyId>10153</companyId><groupId>10179</groupId><userId>64703</userId><userName>guprofesores, guprofesores</userName><groupCreatedId>74194</groupCreatedId><createDate>2016-02-17 22:28:39</createDate><modifiedDate>2016-02-17 22:28:43</modifiedDate><status>0</status><title><![CDATA[<?xml version='1.0' encoding='UTF-8'?><root available-locales="es_ES,pt_BR," default-locale="es_ES"><Title language-id="pt_BR">Unidade 6: Antecessor e sucessor. Reconhecendo os dias da semana</Title><Title language-id="es_ES">Unidade 6: Antecessor e sucessor. Reconhecendo os dias da semana</Title></root>]]></title><description/><friendlyURL>/unidade-6-antecessor-e-sucessor-reconhecendo-os-dias-da-semana</friendlyURL><startDate>2016-02-17 22:28:00</startDate><endDate>2017-02-17 22:28:00</endDate><icon>0</icon><courseEvalId>0</courseEvalId><courseExtraData/><closed>false</closed><maxUsers>0</maxUsers><calificationType>1</calificationType><registered>1</registered><courseResults/></course><course id="23"><courseId>3602</courseId><companyId>10153</companyId><groupId>10179</groupId><userId>64703</userId><userName>guprofesores, guprofesores</userName><groupCreatedId>74256</groupCreatedId><createDate>2016-02-17 22:29:41</createDate><modifiedDate>2016-02-17 22:29:44</modifiedDate><status>0</status><title><![CDATA[<?xml version='1.0' encoding='UTF-8'?><root available-locales="es_ES,pt_BR," default-locale="es_ES"><Title language-id="pt_BR">Unidade 7: Somando e subtraindo: ampliando conceitos</Title><Title language-id="es_ES">Unidade 7: Somando e subtraindo: ampliando conceitos</Title></root>]]></title><description/><friendlyURL>/unidade-7-somando-e-subtraindo-ampliando-conceitos</friendlyURL><startDate>2016-02-17 22:29:00</startDate><endDate>2017-02-17 22:29:00</endDate><icon>0</icon><courseEvalId>0</courseEvalId><courseExtraData/><closed>false</closed><maxUsers>0</maxUsers><calificationType>1</calificationType><registered>1</registered><courseResults/></course><course id="24"><courseId>3603</courseId><companyId>10153</companyId><groupId>10179</groupId><userId>64703</userId><userName>guprofesores, guprofesores</userName><groupCreatedId>74318</groupCreatedId><createDate>2016-02-17 22:30:39</createDate><modifiedDate>2016-02-17 22:30:42</modifiedDate><status>0</status><title><![CDATA[<?xml version='1.0' encoding='UTF-8'?><root available-locales="es_ES,pt_BR," default-locale="es_ES"><Title language-id="pt_BR">Unidade 8: Quanto pesa? Unidades de massa</Title><Title language-id="es_ES">Unidade 8: Quanto pesa? Unidades de massa</Title></root>]]></title><description/><friendlyURL>/unidade-8-quanto-pesa-unidades-de-massa</friendlyURL><startDate>2016-02-17 22:30:00</startDate><endDate>2017-02-17 22:30:00</endDate><icon>0</icon><courseEvalId>0</courseEvalId><courseExtraData/><closed>false</closed><maxUsers>0</maxUsers><calificationType>1</calificationType><registered>1</registered><courseResults/></course><course id="25"><courseId>3604</courseId><companyId>10153</companyId><groupId>10179</groupId><userId>64703</userId><userName>guprofesores, guprofesores</userName><groupCreatedId>74380</groupCreatedId><createDate>2016-02-17 22:31:34</createDate><modifiedDate>2016-02-17 22:31:37</modifiedDate><status>0</status><title><![CDATA[<?xml version='1.0' encoding='UTF-8'?><root available-locales="es_ES,pt_BR," default-locale="es_ES"><Title language-id="pt_BR">Unidade 9: Medidas de distância e operações de adição e subtração de dezenas</Title><Title language-id="es_ES">Unidade 9: Medidas de distância e operações de adição e subtração de dezenas</Title></root>]]></title><description/><friendlyURL>/unidade-9-medidas-de-distancia-e-operacoes-de-adicao-e-subtracao-de-dezenas</friendlyURL><startDate>2016-02-17 22:31:00</startDate><endDate>2017-02-17 22:31:00</endDate><icon>0</icon><courseEvalId>0</courseEvalId><courseExtraData/><closed>false</closed><maxUsers>0</maxUsers><calificationType>1</calificationType><registered>1</registered><courseResults/></course><course id="26"><courseId>3605</courseId><companyId>10153</companyId><groupId>10179</groupId><userId>64703</userId><userName>guprofesores, guprofesores</userName><groupCreatedId>74442</groupCreatedId><createDate>2016-02-17 22:32:24</createDate><modifiedDate>2016-02-17 22:32:27</modifiedDate><status>0</status><title><![CDATA[<?xml version='1.0' encoding='UTF-8'?><root available-locales="es_ES,pt_BR," default-locale="es_ES"><Title language-id="pt_BR">Unidade 10: Volumes e suas unidades de medida</Title><Title language-id="es_ES">Unidade 10: Volumes e suas unidades de medida</Title></root>]]></title><description/><friendlyURL>/unidade-10-volumes-e-suas-unidades-de-medida</friendlyURL><startDate>2016-02-17 22:31:00</startDate><endDate>2017-02-17 22:31:00</endDate><icon>0</icon><courseEvalId>0</courseEvalId><courseExtraData/><closed>false</closed><maxUsers>0</maxUsers><calificationType>1</calificationType><registered>1</registered><courseResults/></course><course id="27"><courseId>3606</courseId><companyId>10153</companyId><groupId>10179</groupId><userId>64703</userId><userName>guprofesores, guprofesores</userName><groupCreatedId>74504</groupCreatedId><createDate>2016-02-17 22:33:16</createDate><modifiedDate>2016-02-17 22:33:19</modifiedDate><status>0</status><title><![CDATA[<?xml version='1.0' encoding='UTF-8'?><root available-locales="es_ES,pt_BR," default-locale="es_ES"><Title language-id="pt_BR">Unidade 11: Noções geométricas: reconhecendo as formas</Title><Title language-id="es_ES">Unidade 11: Noções geométricas: reconhecendo as formas</Title></root>]]></title><description/><friendlyURL>/unidade-11-nocoes-geometricas-reconhecendo-as-formas</friendlyURL><startDate>2016-02-17 22:32:00</startDate><endDate>2017-02-17 22:32:00</endDate><icon>0</icon><courseEvalId>0</courseEvalId><courseExtraData/><closed>false</closed><maxUsers>0</maxUsers><calificationType>1</calificationType><registered>1</registered><courseResults/></course><course id="28"><courseId>3607</courseId><companyId>10153</companyId><groupId>10179</groupId><userId>64703</userId><userName>guprofesores, guprofesores</userName><groupCreatedId>74566</groupCreatedId><createDate>2016-02-17 22:34:01</createDate><modifiedDate>2016-02-17 22:34:04</modifiedDate><status>0</status><title><![CDATA[<?xml version='1.0' encoding='UTF-8'?><root available-locales="es_ES,pt_BR," default-locale="es_ES"><Title language-id="pt_BR">Unidade 12: Sólidos geométricos e identificação de pares e ímpares</Title><Title language-id="es_ES">Unidade 12: Sólidos geométricos e identificação de pares e ímpares</Title></root>]]></title><description/><friendlyURL>/unidade-12-solidos-geometricos-e-identificacao-de-pares-e-impares</friendlyURL><startDate>2016-02-17 22:33:00</startDate><endDate>2017-02-17 22:33:00</endDate><icon>0</icon><courseEvalId>0</courseEvalId><courseExtraData/><closed>false</closed><maxUsers>0</maxUsers><calificationType>1</calificationType><registered>1</registered><courseResults/></course><course id="29"><courseId>3608</courseId><companyId>10153</companyId><groupId>10179</groupId><userId>64703</userId><userName>guprofesores, guprofesores</userName><groupCreatedId>74628</groupCreatedId><createDate>2016-02-17 22:35:05</createDate><modifiedDate>2016-02-17 22:35:08</modifiedDate><status>0</status><title><![CDATA[<?xml version='1.0' encoding='UTF-8'?><root available-locales="es_ES,pt_BR," default-locale="es_ES"><Title language-id="pt_BR">Unidade 13: Números ordinários e medidas de tempo: lendo as horas</Title><Title language-id="es_ES">Unidade 13: Números ordinários e medidas de tempo: lendo as horas</Title></root>]]></title><description/><friendlyURL>/unidade-13-numeros-ordinarios-e-medidas-de-tempo-lendo-as-horas</friendlyURL><startDate>2016-02-17 22:34:00</startDate><endDate>2017-02-17 22:34:00</endDate><icon>0</icon><courseEvalId>0</courseEvalId><courseExtraData/><closed>false</closed><maxUsers>0</maxUsers><calificationType>1</calificationType><registered>1</registered><courseResults><courseResult><crId>1801</crId><result>0</result><comments/><userId>64703</userId><passed>false</passed><startDate/><passedDate/></courseResult></courseResults></course><course id="30"><courseId>3609</courseId><companyId>10153</companyId><groupId>10179</groupId><userId>64703</userId><userName>guprofesores, guprofesores</userName><groupCreatedId>74690</groupCreatedId><createDate>2016-02-17 22:35:59</createDate><modifiedDate>2016-02-17 22:36:02</modifiedDate><status>0</status><title><![CDATA[<?xml version='1.0' encoding='UTF-8'?><root available-locales="es_ES,pt_BR," default-locale="es_ES"><Title language-id="pt_BR">Unidade 14: Comparando números: qual é o maior?</Title><Title language-id="es_ES">Unidade 14: Comparando números: qual é o maior?</Title></root>]]></title><description/><friendlyURL>/unidade-14-comparando-numeros-qual-e-o-maior-</friendlyURL><startDate>2016-02-17 22:35:00</startDate><endDate>2017-02-17 22:35:00</endDate><icon>0</icon><courseEvalId>0</courseEvalId><courseExtraData/><closed>false</closed><maxUsers>0</maxUsers><calificationType>1</calificationType><registered>1</registered><courseResults/></course><course id="31"><courseId>3610</courseId><companyId>10153</companyId><groupId>10179</groupId><userId>64703</userId><userName>guprofesores, guprofesores</userName><groupCreatedId>74752</groupCreatedId><createDate>2016-02-17 22:36:46</createDate><modifiedDate>2016-02-17 22:36:49</modifiedDate><status>0</status><title><![CDATA[<?xml version='1.0' encoding='UTF-8'?><root available-locales="es_ES,pt_BR," default-locale="es_ES"><Title language-id="pt_BR">Unidade 15: Construindo e lendo tabelas</Title><Title language-id="es_ES">Unidade 15: Construindo e lendo tabelas</Title></root>]]></title><description/><friendlyURL>/unidade-15-construindo-e-lendo-tabelas</friendlyURL><startDate>2016-02-17 22:36:00</startDate><endDate>2017-02-17 22:36:00</endDate><icon>0</icon><courseEvalId>0</courseEvalId><courseExtraData/><closed>false</closed><maxUsers>0</maxUsers><calificationType>1</calificationType><registered>1</registered><courseResults/></course><course id="32"><courseId>3611</courseId><companyId>10153</companyId><groupId>10179</groupId><userId>64703</userId><userName>guprofesores, guprofesores</userName><groupCreatedId>74814</groupCreatedId><createDate>2016-02-17 22:37:43</createDate><modifiedDate>2016-02-17 22:37:46</modifiedDate><status>0</status><title><![CDATA[<?xml version='1.0' encoding='UTF-8'?><root available-locales="es_ES,pt_BR," default-locale="es_ES"><Title language-id="pt_BR">Unidade 16: Praticando a matemática: unidades de tempo e dinheiro</Title><Title language-id="es_ES">Unidade 16: Praticando a matemática: unidades de tempo e dinheiro</Title></root>]]></title><description/><friendlyURL>/unidade-16-praticando-a-matematica-unidades-de-tempo-e-dinheiro</friendlyURL><startDate>2016-02-17 22:37:00</startDate><endDate>2017-02-17 22:37:00</endDate><icon>0</icon><courseEvalId>0</courseEvalId><courseExtraData/><closed>false</closed><maxUsers>0</maxUsers><calificationType>1</calificationType><registered>1</registered><courseResults/></course><course id="33"><courseId>3701</courseId><companyId>10153</companyId><groupId>10179</groupId><userId>64703</userId><userName>guprofesores, guprofesores</userName><groupCreatedId>75302</groupCreatedId><createDate>2016-02-18 07:42:31</createDate><modifiedDate>2016-02-18 07:42:37</modifiedDate><status>0</status><title><![CDATA[<?xml version='1.0' encoding='UTF-8'?><root available-locales="es_ES,pt_BR," default-locale="es_ES"><Title language-id="pt_BR">Unidade 1: O corpo humano</Title><Title language-id="es_ES">Unidade 1: O corpo humano</Title></root>]]></title><description/><friendlyURL>/unidade-1-o-corpo-humano</friendlyURL><startDate>2016-02-18 07:32:00</startDate><endDate>2017-02-18 07:32:00</endDate><icon>0</icon><courseEvalId>0</courseEvalId><courseExtraData/><closed>false</closed><maxUsers>0</maxUsers><calificationType>1</calificationType><registered>1</registered><courseResults/></course><course id="34"><courseId>3702</courseId><companyId>10153</companyId><groupId>10179</groupId><userId>64703</userId><userName>guprofesores, guprofesores</userName><groupCreatedId>75364</groupCreatedId><createDate>2016-02-18 07:43:28</createDate><modifiedDate>2016-02-18 07:43:32</modifiedDate><status>0</status><title><![CDATA[<?xml version='1.0' encoding='UTF-8'?><root available-locales="es_ES,pt_BR," default-locale="es_ES"><Title language-id="pt_BR">Unidade 2: Os cinco sentidos</Title><Title language-id="es_ES">Unidade 2: Os cinco sentidos</Title></root>]]></title><description/><friendlyURL>/unidade-2-os-cinco-sentidos</friendlyURL><startDate>2016-02-18 07:43:00</startDate><endDate>2017-02-18 07:43:00</endDate><icon>0</icon><courseEvalId>0</courseEvalId><courseExtraData/><closed>false</closed><maxUsers>0</maxUsers><calificationType>1</calificationType><registered>1</registered><courseResults/></course><course id="35"><courseId>3703</courseId><companyId>10153</companyId><groupId>10179</groupId><userId>64703</userId><userName>guprofesores, guprofesores</userName><groupCreatedId>75426</groupCreatedId><createDate>2016-02-18 07:44:25</createDate><modifiedDate>2016-02-18 07:44:28</modifiedDate><status>0</status><title><![CDATA[<?xml version='1.0' encoding='UTF-8'?><root available-locales="es_ES,pt_BR," default-locale="es_ES"><Title language-id="pt_BR">Unidade 3: Os alimentos</Title><Title language-id="es_ES">Unidade 3: Os alimentos</Title></root>]]></title><description/><friendlyURL>/unidade-3-os-alimentos</friendlyURL><startDate>2016-02-18 07:43:00</startDate><endDate>2017-02-18 07:43:00</endDate><icon>0</icon><courseEvalId>0</courseEvalId><courseExtraData/><closed>false</closed><maxUsers>0</maxUsers><calificationType>1</calificationType><registered>1</registered><courseResults/></course><course id="36"><courseId>3704</courseId><companyId>10153</companyId><groupId>10179</groupId><userId>64703</userId><userName>guprofesores, guprofesores</userName><groupCreatedId>75488</groupCreatedId><createDate>2016-02-18 07:45:43</createDate><modifiedDate>2016-02-18 07:46:04</modifiedDate><status>0</status><title><![CDATA[<?xml version='1.0' encoding='UTF-8'?><root available-locales="es_ES,pt_BR," default-locale="es_ES"><Title language-id="es_ES">Unidade 4: Estudo dos animais</Title><Title language-id="pt_BR">Unidade 4: Estudo dos animais</Title></root>]]></title><description/><friendlyURL>/unidade-4-estudo-dos-animais</friendlyURL><startDate>2016-02-18 07:45:00</startDate><endDate>2017-02-18 07:45:00</endDate><icon>0</icon><courseEvalId>0</courseEvalId><courseExtraData/><closed>false</closed><maxUsers>0</maxUsers><calificationType>1</calificationType><registered>1</registered><courseResults/></course><course id="37"><courseId>3801</courseId><companyId>10153</companyId><groupId>10179</groupId><userId>64703</userId><userName>guprofesores, guprofesores</userName><groupCreatedId>75902</groupCreatedId><createDate>2016-02-18 22:49:26</createDate><modifiedDate>2016-02-18 22:49:33</modifiedDate><status>0</status><title><![CDATA[<?xml version='1.0' encoding='UTF-8'?><root available-locales="es_ES,pt_BR," default-locale="es_ES"><Title language-id="pt_BR">Unidade 1: Autonomia e a escola</Title><Title language-id="es_ES">Unidade 1: Autonomia e a escola</Title></root>]]></title><description/><friendlyURL>/unidade-1-autonomia-e-a-escola</friendlyURL><startDate>2016-02-18 22:49:00</startDate><endDate>2017-02-18 22:49:00</endDate><icon>0</icon><courseEvalId>0</courseEvalId><courseExtraData/><closed>false</closed><maxUsers>0</maxUsers><calificationType>1</calificationType><registered>1</registered><courseResults/></course><course id="38"><courseId>3802</courseId><companyId>10153</companyId><groupId>10179</groupId><userId>64703</userId><userName>guprofesores, guprofesores</userName><groupCreatedId>75964</groupCreatedId><createDate>2016-02-18 22:50:16</createDate><modifiedDate>2016-02-18 22:50:19</modifiedDate><status>0</status><title><![CDATA[<?xml version='1.0' encoding='UTF-8'?><root available-locales="es_ES,pt_BR," default-locale="es_ES"><Title language-id="pt_BR">Unidade 2: Profissionais da escola e a responsabilidade no espaço escolar</Title><Title language-id="es_ES">Unidade 2: Profissionais da escola e a responsabilidade no espaço escolar</Title></root>]]></title><description/><friendlyURL>/unidade-2-profissionais-da-escola-e-a-responsabilidade-no-espaco-escolar</friendlyURL><startDate>2016-02-18 22:50:00</startDate><endDate>2017-02-18 22:50:00</endDate><icon>0</icon><courseEvalId>0</courseEvalId><courseExtraData/><closed>false</closed><maxUsers>0</maxUsers><calificationType>1</calificationType><registered>1</registered><courseResults/></course><course id="39"><courseId>3803</courseId><companyId>10153</companyId><groupId>10179</groupId><userId>64703</userId><userName>guprofesores, guprofesores</userName><groupCreatedId>76026</groupCreatedId><createDate>2016-02-18 22:51:28</createDate><modifiedDate>2016-02-18 22:51:32</modifiedDate><status>0</status><title><![CDATA[<?xml version='1.0' encoding='UTF-8'?><root available-locales="es_ES,pt_BR," default-locale="es_ES"><Title language-id="pt_BR">Unidade 3: As relações familiares</Title><Title language-id="es_ES">Unidade 3: As relações familiares</Title></root>]]></title><description/><friendlyURL>/unidade-3-as-relacoes-familiares</friendlyURL><startDate>2016-02-18 22:50:00</startDate><endDate>2017-02-18 22:50:00</endDate><icon>0</icon><courseEvalId>0</courseEvalId><courseExtraData/><closed>false</closed><maxUsers>0</maxUsers><calificationType>1</calificationType><registered>1</registered><courseResults/></course><course id="40"><courseId>3804</courseId><companyId>10153</companyId><groupId>10179</groupId><userId>64703</userId><userName>guprofesores, guprofesores</userName><groupCreatedId>76088</groupCreatedId><createDate>2016-02-18 22:52:15</createDate><modifiedDate>2016-02-18 22:52:19</modifiedDate><status>0</status><title><![CDATA[<?xml version='1.0' encoding='UTF-8'?><root available-locales="es_ES,pt_BR," default-locale="es_ES"><Title language-id="pt_BR">Unidade 4: Elementos da cidade</Title><Title language-id="es_ES">Unidade 4: Elementos da cidade</Title></root>]]></title><description/><friendlyURL>/unidade-4-elementos-da-cidade</friendlyURL><startDate>2016-02-18 22:51:00</startDate><endDate>2017-02-18 22:51:00</endDate><icon>0</icon><courseEvalId>0</courseEvalId><courseExtraData/><closed>false</closed><maxUsers>0</maxUsers><calificationType>1</calificationType><registered>0</registered><courseResults/></course><course id="41"><courseId>3805</courseId><companyId>10153</companyId><groupId>10179</groupId><userId>64703</userId><userName>guprofesores, guprofesores</userName><groupCreatedId>76321</groupCreatedId><createDate>2016-02-18 23:02:31</createDate><modifiedDate>2016-02-18 23:02:33</modifiedDate><status>0</status><title><![CDATA[<?xml version='1.0' encoding='UTF-8'?><root available-locales="es_ES,pt_BR," default-locale="es_ES"><Title language-id="pt_BR">Unidade 5: Animais vertebrados</Title><Title language-id="es_ES">Unidade 5: Animais vertebrados</Title></root>]]></title><description/><friendlyURL>/unidade-5-animais-vertebrados</friendlyURL><startDate>2016-02-18 23:02:00</startDate><endDate>2017-02-18 23:02:00</endDate><icon>0</icon><courseEvalId>0</courseEvalId><courseExtraData/><closed>false</closed><maxUsers>0</maxUsers><calificationType>1</calificationType><registered>1</registered><courseResults/></course><course id="42"><courseId>3806</courseId><companyId>10153</companyId><groupId>10179</groupId><userId>64703</userId><userName>guprofesores, guprofesores</userName><groupCreatedId>76383</groupCreatedId><createDate>2016-02-18 23:03:03</createDate><modifiedDate>2016-02-18 23:03:06</modifiedDate><status>0</status><title><![CDATA[<?xml version='1.0' encoding='UTF-8'?><root available-locales="es_ES,pt_BR," default-locale="es_ES"><Title language-id="pt_BR">Unidade 6: Importância dos animais para o ambiente</Title><Title language-id="es_ES">Unidade 6: Importância dos animais para o ambiente</Title></root>]]></title><description/><friendlyURL>/unidade-6-importancia-dos-animais-para-o-ambiente</friendlyURL><startDate>2016-02-18 23:02:00</startDate><endDate>2017-02-18 23:02:00</endDate><icon>0</icon><courseEvalId>0</courseEvalId><courseExtraData/><closed>false</closed><maxUsers>0</maxUsers><calificationType>1</calificationType><registered>1</registered><courseResults/></course><course id="43"><courseId>3807</courseId><companyId>10153</companyId><groupId>10179</groupId><userId>64703</userId><userName>guprofesores, guprofesores</userName><groupCreatedId>76445</groupCreatedId><createDate>2016-02-18 23:03:34</createDate><modifiedDate>2016-02-18 23:03:37</modifiedDate><status>0</status><title><![CDATA[<?xml version='1.0' encoding='UTF-8'?><root available-locales="es_ES,pt_BR," default-locale="es_ES"><Title language-id="pt_BR">Unidade 7: Paisagens naturais e culturais</Title><Title language-id="es_ES">Unidade 7: Paisagens naturais e culturais</Title></root>]]></title><description/><friendlyURL>/unidade-7-paisagens-naturais-e-culturais</friendlyURL><startDate>2016-02-18 23:03:00</startDate><endDate>2017-02-18 23:03:00</endDate><icon>0</icon><courseEvalId>0</courseEvalId><courseExtraData/><closed>false</closed><maxUsers>0</maxUsers><calificationType>1</calificationType><registered>1</registered><courseResults/></course><course id="44"><courseId>3808</courseId><companyId>10153</companyId><groupId>10179</groupId><userId>64703</userId><userName>guprofesores, guprofesores</userName><groupCreatedId>76507</groupCreatedId><createDate>2016-02-18 23:04:05</createDate><modifiedDate>2016-02-18 23:04:08</modifiedDate><status>0</status><title><![CDATA[<?xml version='1.0' encoding='UTF-8'?><root available-locales="es_ES,pt_BR," default-locale="es_ES"><Title language-id="pt_BR">Unidade 8: A importância das plantas</Title><Title language-id="es_ES">Unidade 8: A importância das plantas</Title></root>]]></title><description/><friendlyURL>/unidade-8-a-importancia-das-plantas</friendlyURL><startDate>2016-02-18 23:03:00</startDate><endDate>2017-02-18 23:03:00</endDate><icon>0</icon><courseEvalId>0</courseEvalId><courseExtraData/><closed>false</closed><maxUsers>0</maxUsers><calificationType>1</calificationType><registered>1</registered><courseResults/></course><course id="45"><courseId>3809</courseId><companyId>10153</companyId><groupId>10179</groupId><userId>64703</userId><userName>guprofesores, guprofesores</userName><groupCreatedId>76569</groupCreatedId><createDate>2016-02-18 23:04:38</createDate><modifiedDate>2016-02-18 23:04:40</modifiedDate><status>0</status><title><![CDATA[<?xml version='1.0' encoding='UTF-8'?><root available-locales="es_ES,pt_BR," default-locale="es_ES"><Title language-id="pt_BR">Unidade 9: Cuidados com as plantas</Title><Title language-id="es_ES">Unidade 9: Cuidados com as plantas</Title></root>]]></title><description/><friendlyURL>/unidade-9-cuidados-com-as-plantas</friendlyURL><startDate>2016-02-18 23:04:00</startDate><endDate>2017-02-18 23:04:00</endDate><icon>0</icon><courseEvalId>0</courseEvalId><courseExtraData/><closed>false</closed><maxUsers>0</maxUsers><calificationType>0</calificationType><registered>1</registered><courseResults/></course><course id="46"><courseId>3810</courseId><companyId>10153</companyId><groupId>10179</groupId><userId>64703</userId><userName>guprofesores, guprofesores</userName><groupCreatedId>76631</groupCreatedId><createDate>2016-02-18 23:05:05</createDate><modifiedDate>2016-02-18 23:05:08</modifiedDate><status>0</status><title><![CDATA[<?xml version='1.0' encoding='UTF-8'?><root available-locales="es_ES,pt_BR," default-locale="es_ES"><Title language-id="pt_BR">Unidade 10: Os materiais</Title><Title language-id="es_ES">Unidade 10: Os materiais</Title></root>]]></title><description/><friendlyURL>/unidade-10-os-materiais</friendlyURL><startDate>2016-02-18 23:04:00</startDate><endDate>2017-02-18 23:04:00</endDate><icon>0</icon><courseEvalId>0</courseEvalId><courseExtraData/><closed>false</closed><maxUsers>0</maxUsers><calificationType>1</calificationType><registered>1</registered><courseResults/></course><course id="47"><courseId>3811</courseId><companyId>10153</companyId><groupId>10179</groupId><userId>64703</userId><userName>guprofesores, guprofesores</userName><groupCreatedId>76693</groupCreatedId><createDate>2016-02-18 23:05:38</createDate><modifiedDate>2016-02-18 23:05:41</modifiedDate><status>0</status><title><![CDATA[<?xml version='1.0' encoding='UTF-8'?><root available-locales="es_ES,pt_BR," default-locale="es_ES"><Title language-id="pt_BR">Unidade 11: A água</Title><Title language-id="es_ES">Unidade 11: A água</Title></root>]]></title><description/><friendlyURL>/unidade-11-a-agua</friendlyURL><startDate>2016-02-18 23:05:00</startDate><endDate>2017-02-18 23:05:00</endDate><icon>0</icon><courseEvalId>0</courseEvalId><courseExtraData/><closed>false</closed><maxUsers>0</maxUsers><calificationType>1</calificationType><registered>1</registered><courseResults/></course><course id="48"><courseId>3812</courseId><companyId>10153</companyId><groupId>10179</groupId><userId>64703</userId><userName>guprofesores, guprofesores</userName><groupCreatedId>76755</groupCreatedId><createDate>2016-02-18 23:06:10</createDate><modifiedDate>2016-02-18 23:06:13</modifiedDate><status>0</status><title><![CDATA[<?xml version='1.0' encoding='UTF-8'?><root available-locales="es_ES,pt_BR," default-locale="es_ES"><Title language-id="pt_BR">Unidade 12: Atmosfera</Title><Title language-id="es_ES">Unidade 12: Atmosfera</Title></root>]]></title><description/><friendlyURL>/unidade-12-atmosfera</friendlyURL><startDate>2016-02-18 23:05:00</startDate><endDate>2017-02-18 23:05:00</endDate><icon>0</icon><courseEvalId>0</courseEvalId><courseExtraData/><closed>false</closed><maxUsers>0</maxUsers><calificationType>1</calificationType><registered>1</registered><courseResults/></course><course id="49"><courseId>3813</courseId><companyId>10153</companyId><groupId>10179</groupId><userId>64703</userId><userName>guprofesores, guprofesores</userName><groupCreatedId>76817</groupCreatedId><createDate>2016-02-18 23:06:44</createDate><modifiedDate>2016-02-18 23:06:47</modifiedDate><status>0</status><title><![CDATA[<?xml version='1.0' encoding='UTF-8'?><root available-locales="es_ES,pt_BR," default-locale="es_ES"><Title language-id="pt_BR">Unidade 13: O ar</Title><Title language-id="es_ES">Unidade 13: O ar</Title></root>]]></title><description/><friendlyURL>/unidade-13-o-ar</friendlyURL><startDate>2016-02-18 23:06:00</startDate><endDate>2017-02-18 23:06:00</endDate><icon>0</icon><courseEvalId>0</courseEvalId><courseExtraData/><closed>false</closed><maxUsers>0</maxUsers><calificationType>0</calificationType><registered>1</registered><courseResults/></course><course id="50"><courseId>3814</courseId><companyId>10153</companyId><groupId>10179</groupId><userId>64703</userId><userName>guprofesores, guprofesores</userName><groupCreatedId>76879</groupCreatedId><createDate>2016-02-18 23:07:13</createDate><modifiedDate>2016-02-18 23:07:16</modifiedDate><status>0</status><title><![CDATA[<?xml version='1.0' encoding='UTF-8'?><root available-locales="es_ES,pt_BR," default-locale="es_ES"><Title language-id="pt_BR">Unidade 14: Movimentos da Terra e Lua</Title><Title language-id="es_ES">Unidade 14: Movimentos da Terra e Lua</Title></root>]]></title><description/><friendlyURL>/unidade-14-movimentos-da-terra-e-lua</friendlyURL><startDate>2016-02-18 23:06:00</startDate><endDate>2017-02-18 23:06:00</endDate><icon>0</icon><courseEvalId>0</courseEvalId><courseExtraData/><closed>false</closed><maxUsers>0</maxUsers><calificationType>1</calificationType><registered>1</registered><courseResults/></course><course id="51"><courseId>3815</courseId><companyId>10153</companyId><groupId>10179</groupId><userId>64703</userId><userName>guprofesores, guprofesores</userName><groupCreatedId>76941</groupCreatedId><createDate>2016-02-18 23:07:49</createDate><modifiedDate>2016-02-18 23:07:52</modifiedDate><status>0</status><title><![CDATA[<?xml version='1.0' encoding='UTF-8'?><root available-locales="es_ES,pt_BR," default-locale="es_ES"><Title language-id="pt_BR">Unidade 15: Uma viagem ao mundo miscroscópico</Title><Title language-id="es_ES">Unidade 15: Uma viagem ao mundo miscroscópico</Title></root>]]></title><description/><friendlyURL>/unidade-15-uma-viagem-ao-mundo-miscroscopico</friendlyURL><startDate>2016-02-18 23:07:00</startDate><endDate>2017-02-18 23:07:00</endDate><icon>0</icon><courseEvalId>0</courseEvalId><courseExtraData/><closed>false</closed><maxUsers>0</maxUsers><calificationType>1</calificationType><registered>1</registered><courseResults/></course><course id="52"><courseId>3816</courseId><companyId>10153</companyId><groupId>10179</groupId><userId>64703</userId><userName>guprofesores, guprofesores</userName><groupCreatedId>77003</groupCreatedId><createDate>2016-02-18 23:08:16</createDate><modifiedDate>2016-02-18 23:08:19</modifiedDate><status>0</status><title><![CDATA[<?xml version='1.0' encoding='UTF-8'?><root available-locales="es_ES,pt_BR," default-locale="es_ES"><Title language-id="pt_BR">Unidade 16: Terra e Universo</Title><Title language-id="es_ES">Unidade 16: Terra e Universo</Title></root>]]></title><description/><friendlyURL>/unidade-16-terra-e-universo</friendlyURL><startDate>2016-02-18 23:08:00</startDate><endDate>2017-02-18 23:08:00</endDate><icon>0</icon><courseEvalId>0</courseEvalId><courseExtraData/><closed>false</closed><maxUsers>0</maxUsers><calificationType>1</calificationType><registered>1</registered><courseResults/></course><course id="53"><courseId>3817</courseId><companyId>10153</companyId><groupId>10179</groupId><userId>64703</userId><userName>guprofesores, guprofesores</userName><groupCreatedId>77316</groupCreatedId><createDate>2016-02-18 23:26:05</createDate><modifiedDate>2016-02-18 23:26:31</modifiedDate><status>0</status><title><![CDATA[<?xml version='1.0' encoding='UTF-8'?><root available-locales="es_ES,pt_BR," default-locale="es_ES"><Title language-id="es_ES">Unidade 1: Hábitos e práticas saudáveis</Title><Title language-id="pt_BR">Unidade1: Hábitos e práticas saudáveis</Title></root>]]></title><description/><friendlyURL>/unidade1-habitos-e-praticas-saudaveis</friendlyURL><startDate>2016-02-18 23:25:00</startDate><endDate>2017-02-18 23:25:00</endDate><icon>0</icon><courseEvalId>0</courseEvalId><courseExtraData/><closed>false</closed><maxUsers>0</maxUsers><calificationType>1</calificationType><registered>1</registered><courseResults/></course><course id="54"><courseId>3818</courseId><companyId>10153</companyId><groupId>10179</groupId><userId>64703</userId><userName>guprofesores, guprofesores</userName><groupCreatedId>77378</groupCreatedId><createDate>2016-02-18 23:27:04</createDate><modifiedDate>2016-02-18 23:27:07</modifiedDate><status>0</status><title><![CDATA[<?xml version='1.0' encoding='UTF-8'?><root available-locales="es_ES,pt_BR," default-locale="es_ES"><Title language-id="pt_BR">Unidade 2: Saúde e doença: higiene, descanso, alimentação e esporte</Title><Title language-id="es_ES">Unidade 2: Saúde e doença: higiene, descanso, alimentação e esporte</Title></root>]]></title><description/><friendlyURL>/unidade-2-saude-e-doenca-higiene-descanso-alimentacao-e-esporte</friendlyURL><startDate>2016-02-18 23:26:00</startDate><endDate>2017-02-18 23:26:00</endDate><icon>0</icon><courseEvalId>0</courseEvalId><courseExtraData/><closed>false</closed><maxUsers>0</maxUsers><calificationType>1</calificationType><registered>1</registered><courseResults/></course><course id="55"><courseId>3819</courseId><companyId>10153</companyId><groupId>10179</groupId><userId>64703</userId><userName>guprofesores, guprofesores</userName><groupCreatedId>77440</groupCreatedId><createDate>2016-02-18 23:27:50</createDate><modifiedDate>2016-02-18 23:27:53</modifiedDate><status>0</status><title><![CDATA[<?xml version='1.0' encoding='UTF-8'?><root available-locales="es_ES,pt_BR," default-locale="es_ES"><Title language-id="pt_BR">Unidade 3: Alimentação saudável</Title><Title language-id="es_ES">Unidade 3: Alimentação saudável</Title></root>]]></title><description/><friendlyURL>/unidade-3-alimentacao-saudavel</friendlyURL><startDate>2016-02-18 23:27:00</startDate><endDate>2017-02-18 23:27:00</endDate><icon>0</icon><courseEvalId>0</courseEvalId><courseExtraData/><closed>false</closed><maxUsers>0</maxUsers><calificationType>1</calificationType><registered>1</registered><courseResults/></course><course id="56"><courseId>3820</courseId><companyId>10153</companyId><groupId>10179</groupId><userId>64703</userId><userName>guprofesores, guprofesores</userName><groupCreatedId>77502</groupCreatedId><createDate>2016-02-18 23:28:44</createDate><modifiedDate>2016-02-18 23:28:47</modifiedDate><status>0</status><title><![CDATA[<?xml version='1.0' encoding='UTF-8'?><root available-locales="es_ES,pt_BR," default-locale="es_ES"><Title language-id="pt_BR">Unidade 4: Os cuidados com a natureza</Title><Title language-id="es_ES">Unidade 4: Os cuidados com a natureza</Title></root>]]></title><description/><friendlyURL>/unidade-4-os-cuidados-com-a-natureza</friendlyURL><startDate>2016-02-18 23:28:00</startDate><endDate>2017-02-18 23:28:00</endDate><icon>0</icon><courseEvalId>0</courseEvalId><courseExtraData/><closed>false</closed><maxUsers>0</maxUsers><calificationType>1</calificationType><registered>1</registered><courseResults/></course><course id="57"><courseId>3821</courseId><companyId>10153</companyId><groupId>10179</groupId><userId>64703</userId><userName>guprofesores, guprofesores</userName><groupCreatedId>77639</groupCreatedId><createDate>2016-02-18 23:34:34</createDate><modifiedDate>2016-02-18 23:34:37</modifiedDate><status>0</status><title><![CDATA[<?xml version='1.0' encoding='UTF-8'?><root available-locales="es_ES,pt_BR," default-locale="es_ES"><Title language-id="pt_BR">Unidade 1: Eu e eu mesmo no grupo</Title><Title language-id="es_ES">Unidade 1: Eu e eu mesmo no grupo</Title></root>]]></title><description/><friendlyURL>/unidade-1-eu-e-eu-mesmo-no-grupo</friendlyURL><startDate>2016-02-18 23:34:00</startDate><endDate>2017-02-18 23:34:00</endDate><icon>0</icon><courseEvalId>0</courseEvalId><courseExtraData/><closed>false</closed><maxUsers>0</maxUsers><calificationType>1</calificationType><registered>1</registered><courseResults/></course><course id="58"><courseId>3822</courseId><companyId>10153</companyId><groupId>10179</groupId><userId>64703</userId><userName>guprofesores, guprofesores</userName><groupCreatedId>77701</groupCreatedId><createDate>2016-02-18 23:35:31</createDate><modifiedDate>2016-02-18 23:35:34</modifiedDate><status>0</status><title><![CDATA[<?xml version='1.0' encoding='UTF-8'?><root available-locales="es_ES,pt_BR," default-locale="es_ES"><Title language-id="pt_BR">Unidade 2: Reconhecimento das emoções, empatia e respeito</Title><Title language-id="es_ES">Unidade 2: Reconhecimento das emoções, empatia e respeito</Title></root>]]></title><description/><friendlyURL>/unidade-2-reconhecimento-das-emocoes-empatia-e-respeito</friendlyURL><startDate>2016-02-18 23:35:00</startDate><endDate>2017-02-18 23:35:00</endDate><icon>0</icon><courseEvalId>0</courseEvalId><courseExtraData/><closed>false</closed><maxUsers>0</maxUsers><calificationType>1</calificationType><registered>1</registered><courseResults/></course><course id="59"><courseId>3823</courseId><companyId>10153</companyId><groupId>10179</groupId><userId>64703</userId><userName>guprofesores, guprofesores</userName><groupCreatedId>77763</groupCreatedId><createDate>2016-02-18 23:36:14</createDate><modifiedDate>2016-02-18 23:36:17</modifiedDate><status>0</status><title><![CDATA[<?xml version='1.0' encoding='UTF-8'?><root available-locales="es_ES,pt_BR," default-locale="es_ES"><Title language-id="pt_BR">Unidade 3: Comportamentos positivos: direitos e deveres</Title><Title language-id="es_ES">Unidade 3: Comportamentos positivos: direitos e deveres</Title></root>]]></title><description/><friendlyURL>/unidade-3-comportamentos-positivos-direitos-e-deveres</friendlyURL><startDate>2016-02-18 23:35:00</startDate><endDate>2017-02-18 23:35:00</endDate><icon>0</icon><courseEvalId>0</courseEvalId><courseExtraData/><closed>false</closed><maxUsers>0</maxUsers><calificationType>1</calificationType><registered>1</registered><courseResults/></course><course id="60"><courseId>3824</courseId><companyId>10153</companyId><groupId>10179</groupId><userId>64703</userId><userName>guprofesores, guprofesores</userName><groupCreatedId>77825</groupCreatedId><createDate>2016-02-18 23:36:48</createDate><modifiedDate>2016-02-18 23:36:51</modifiedDate><status>0</status><title><![CDATA[<?xml version='1.0' encoding='UTF-8'?><root available-locales="es_ES,pt_BR," default-locale="es_ES"><Title language-id="pt_BR">Unidade 4: Trabalho colaborativo</Title><Title language-id="es_ES">Unidade 4: Trabalho colaborativo</Title></root>]]></title><description/><friendlyURL>/unidade-4-trabalho-colaborativo</friendlyURL><startDate>2016-02-18 23:36:00</startDate><endDate>2017-02-18 23:36:00</endDate><icon>0</icon><courseEvalId>0</courseEvalId><courseExtraData/><closed>false</closed><maxUsers>0</maxUsers><calificationType>1</calificationType><registered>1</registered><courseResults/></course><course id="61"><courseId>3825</courseId><companyId>10153</companyId><groupId>10179</groupId><userId>64703</userId><userName>guprofesores, guprofesores</userName><groupCreatedId>77960</groupCreatedId><createDate>2016-02-18 23:42:04</createDate><modifiedDate>2016-02-18 23:42:07</modifiedDate><status>0</status><title><![CDATA[<?xml version='1.0' encoding='UTF-8'?><root available-locales="es_ES,pt_BR," default-locale="es_ES"><Title language-id="pt_BR">Unidade 1: A escola e seus recursos tecnológicos</Title><Title language-id="es_ES">Unidade 1: A escola e seus recursos tecnológicos</Title></root>]]></title><description/><friendlyURL>/unidade-1-a-escola-e-seus-recursos-tecnologicos</friendlyURL><startDate>2016-02-18 23:41:00</startDate><endDate>2017-02-18 23:41:00</endDate><icon>0</icon><courseEvalId>0</courseEvalId><courseExtraData/><closed>false</closed><maxUsers>0</maxUsers><calificationType>1</calificationType><registered>1</registered><courseResults/></course><course id="62"><courseId>3826</courseId><companyId>10153</companyId><groupId>10179</groupId><userId>64703</userId><userName>guprofesores, guprofesores</userName><groupCreatedId>78022</groupCreatedId><createDate>2016-02-18 23:42:41</createDate><modifiedDate>2016-02-18 23:42:43</modifiedDate><status>0</status><title><![CDATA[<?xml version='1.0' encoding='UTF-8'?><root available-locales="es_ES,pt_BR," default-locale="es_ES"><Title language-id="pt_BR">Unidade 2: A história das máquinas e seus tipos</Title><Title language-id="es_ES">Unidade 2: A história das máquinas e seus tipos</Title></root>]]></title><description/><friendlyURL>/unidade-2-a-historia-das-maquinas-e-seus-tipos</friendlyURL><startDate>2016-02-18 23:42:00</startDate><endDate>2017-02-18 23:42:00</endDate><icon>0</icon><courseEvalId>0</courseEvalId><courseExtraData/><closed>false</closed><maxUsers>0</maxUsers><calificationType>1</calificationType><registered>1</registered><courseResults/></course><course id="63"><courseId>3827</courseId><companyId>10153</companyId><groupId>10179</groupId><userId>64703</userId><userName>guprofesores, guprofesores</userName><groupCreatedId>78084</groupCreatedId><createDate>2016-02-18 23:43:19</createDate><modifiedDate>2016-02-18 23:43:22</modifiedDate><status>0</status><title><![CDATA[<?xml version='1.0' encoding='UTF-8'?><root available-locales="es_ES,pt_BR," default-locale="es_ES"><Title language-id="pt_BR">Unidade 3: A comunicação através dos tempos</Title><Title language-id="es_ES">Unidade 3: A comunicação através dos tempos</Title></root>]]></title><description/><friendlyURL>/unidade-3-a-comunicacao-atraves-dos-tempos</friendlyURL><startDate>2016-02-18 23:43:00</startDate><endDate>2017-02-18 23:43:00</endDate><icon>0</icon><courseEvalId>0</courseEvalId><courseExtraData/><closed>false</closed><maxUsers>0</maxUsers><calificationType>1</calificationType><registered>1</registered><courseResults/></course><course id="64"><courseId>3828</courseId><companyId>10153</companyId><groupId>10179</groupId><userId>64703</userId><userName>guprofesores, guprofesores</userName><groupCreatedId>78146</groupCreatedId><createDate>2016-02-18 23:43:54</createDate><modifiedDate>2016-02-18 23:43:57</modifiedDate><status>0</status><title><![CDATA[<?xml version='1.0' encoding='UTF-8'?><root available-locales="es_ES,pt_BR," default-locale="es_ES"><Title language-id="pt_BR">Unidade 4: O computador e seus recursos</Title><Title language-id="es_ES">Unidade 4: O computador e seus recursos</Title></root>]]></title><description/><friendlyURL>/unidade-4-o-computador-e-seus-recursos</friendlyURL><startDate>2016-02-18 23:43:00</startDate><endDate>2017-02-18 23:43:00</endDate><icon>0</icon><courseEvalId>0</courseEvalId><courseExtraData/><closed>false</closed><maxUsers>0</maxUsers><calificationType>1</calificationType><registered>1</registered><courseResults/></course><course id="65"><courseId>3829</courseId><companyId>10153</companyId><groupId>10179</groupId><userId>64703</userId><userName>guprofesores, guprofesores</userName><groupCreatedId>78272</groupCreatedId><createDate>2016-02-18 23:52:59</createDate><modifiedDate>2016-02-18 23:54:03</modifiedDate><status>0</status><title><![CDATA[<?xml version='1.0' encoding='UTF-8'?><root available-locales="es_ES,pt_BR," default-locale="es_ES"><Title language-id="es_ES">Guias professor</Title><Title language-id="pt_BR">Guias professor: Lingua Portuguesa</Title></root>]]></title><description/><friendlyURL>/guias-professor-lingua-portuguesa</friendlyURL><startDate>2016-02-18 23:51:00</startDate><endDate>2017-02-18 23:51:00</endDate><icon>0</icon><courseEvalId>0</courseEvalId><courseExtraData/><closed>false</closed><maxUsers>0</maxUsers><calificationType>0</calificationType><registered>0</registered><courseResults/></course></report>