<?xml version="1.0" encoding="UTF-8" standalone="no"?><report><course><courseId>3502</courseId><module id="1"><moduleId>4201</moduleId><companyId>10153</companyId><groupId>72304</groupId><userId>10195</userId><userName/><createDate/><modifiedDate/><title><![CDATA[<?xml version='1.0' encoding='UTF-8'?><root available-locales="es_ES" default-locale="es_ES"><Title language-id="es_ES">Módulo</Title></root>]]></title><description><![CDATA[<?xml version='1.0' encoding='UTF-8'?><root available-locales="es_ES" default-locale="es_ES"><Description language-id="es_ES">Descripción</Description></root>]]></description><ordern>4201</ordern><startDate>2016-02-16 17:05:00</startDate><endDate>2017-02-16 17:05:00</endDate><icon>0</icon><precedence>0</precedence><moduleResults><moduleResult><mrId>3801</mrId><result>0</result><comments/><userId>64703</userId><passed>false</passed><startDate>2016-02-16 18:53:20</startDate><passedDate/></moduleResult></moduleResults></module></course><course><courseId>3503</courseId><module id="1"><moduleId>4202</moduleId><companyId>10153</companyId><groupId>72366</groupId><userId>10195</userId><userName/><createDate/><modifiedDate/><title><![CDATA[<?xml version='1.0' encoding='UTF-8'?><root available-locales="es_ES" default-locale="es_ES"><Title language-id="es_ES">Módulo</Title></root>]]></title><description><![CDATA[<?xml version='1.0' encoding='UTF-8'?><root available-locales="es_ES" default-locale="es_ES"><Description language-id="es_ES">Descripción</Description></root>]]></description><ordern>4202</ordern><startDate>2016-02-16 17:08:00</startDate><endDate>2017-02-16 17:08:00</endDate><icon>0</icon><precedence>0</precedence><moduleResults><moduleResult><mrId>3802</mrId><result>0</result><comments/><userId>64724</userId><passed>false</passed><startDate>2016-02-16 20:14:13</startDate><passedDate/></moduleResult></moduleResults></module></course><course><courseId>3504</courseId><module id="1"><moduleId>4203</moduleId><companyId>10153</companyId><groupId>72466</groupId><userId>64703</userId><userName/><createDate/><modifiedDate/><title><![CDATA[<?xml version='1.0' encoding='UTF-8'?><root available-locales="es_ES,pt_BR," default-locale="es_ES"><Title language-id="pt_BR">Módulo</Title></root>]]></title><description><![CDATA[<?xml version='1.0' encoding='UTF-8'?><root available-locales="es_ES,pt_BR," default-locale="es_ES"><Description language-id="pt_BR">Descrição</Description></root>]]></description><ordern>4203</ordern><startDate>2016-02-16 17:47:00</startDate><endDate>2017-02-16 17:47:00</endDate><icon>0</icon><precedence>0</precedence><moduleResults/></module></course><course><courseId>3505</courseId><module id="1"><moduleId>4204</moduleId><companyId>10153</companyId><groupId>72529</groupId><userId>64703</userId><userName/><createDate/><modifiedDate/><title><![CDATA[<?xml version='1.0' encoding='UTF-8'?><root available-locales="es_ES,pt_BR," default-locale="es_ES"><Title language-id="pt_BR">Módulo</Title></root>]]></title><description><![CDATA[<?xml version='1.0' encoding='UTF-8'?><root available-locales="es_ES,pt_BR," default-locale="es_ES"><Description language-id="pt_BR">Descrição</Description></root>]]></description><ordern>4204</ordern><startDate>2016-02-16 18:03:00</startDate><endDate>2017-02-16 18:03:00</endDate><icon>0</icon><precedence>0</precedence><moduleResults><moduleResult><mrId>3803</mrId><result>0</result><comments/><userId>64724</userId><passed>false</passed><startDate>2016-02-16 20:17:08</startDate><passedDate/></moduleResult></moduleResults></module></course><course><courseId>3506</courseId><module id="1"><moduleId>4205</moduleId><companyId>10153</companyId><groupId>72591</groupId><userId>64703</userId><userName/><createDate/><modifiedDate/><title><![CDATA[<?xml version='1.0' encoding='UTF-8'?><root available-locales="es_ES,pt_BR," default-locale="es_ES"><Title language-id="pt_BR">Módulo</Title></root>]]></title><description><![CDATA[<?xml version='1.0' encoding='UTF-8'?><root available-locales="es_ES,pt_BR," default-locale="es_ES"><Description language-id="pt_BR">Descrição</Description></root>]]></description><ordern>4205</ordern><startDate>2016-02-16 18:04:00</startDate><endDate>2017-02-16 18:04:00</endDate><icon>0</icon><precedence>0</precedence><moduleResults/></module></course><course><courseId>3507</courseId><module id="1"><moduleId>4206</moduleId><companyId>10153</companyId><groupId>72653</groupId><userId>64703</userId><userName/><createDate/><modifiedDate/><title><![CDATA[<?xml version='1.0' encoding='UTF-8'?><root available-locales="es_ES,pt_BR," default-locale="es_ES"><Title language-id="pt_BR">Módulo</Title></root>]]></title><description><![CDATA[<?xml version='1.0' encoding='UTF-8'?><root available-locales="es_ES,pt_BR," default-locale="es_ES"><Description language-id="pt_BR">Descrição</Description></root>]]></description><ordern>4206</ordern><startDate>2016-02-16 18:05:00</startDate><endDate>2017-02-16 18:05:00</endDate><icon>0</icon><precedence>0</precedence><moduleResults/></module></course><course><courseId>3508</courseId><module id="1"><moduleId>4207</moduleId><companyId>10153</companyId><groupId>72715</groupId><userId>64703</userId><userName/><createDate/><modifiedDate/><title><![CDATA[<?xml version='1.0' encoding='UTF-8'?><root available-locales="es_ES,pt_BR," default-locale="es_ES"><Title language-id="pt_BR">Módulo</Title></root>]]></title><description><![CDATA[<?xml version='1.0' encoding='UTF-8'?><root available-locales="es_ES,pt_BR," default-locale="es_ES"><Description language-id="pt_BR">Descrição</Description></root>]]></description><ordern>4207</ordern><startDate>2016-02-16 18:05:00</startDate><endDate>2017-02-16 18:05:00</endDate><icon>0</icon><precedence>0</precedence><moduleResults/></module></course><course><courseId>3509</courseId><module id="1"><moduleId>4208</moduleId><companyId>10153</companyId><groupId>72777</groupId><userId>64703</userId><userName/><createDate/><modifiedDate/><title><![CDATA[<?xml version='1.0' encoding='UTF-8'?><root available-locales="es_ES,pt_BR," default-locale="es_ES"><Title language-id="pt_BR">Módulo</Title></root>]]></title><description><![CDATA[<?xml version='1.0' encoding='UTF-8'?><root available-locales="es_ES,pt_BR," default-locale="es_ES"><Description language-id="pt_BR">Descrição</Description></root>]]></description><ordern>4208</ordern><startDate>2016-02-16 18:06:00</startDate><endDate>2017-02-16 18:06:00</endDate><icon>0</icon><precedence>0</precedence><moduleResults/></module></course><course><courseId>3510</courseId><module id="1"><moduleId>4209</moduleId><companyId>10153</companyId><groupId>72839</groupId><userId>64703</userId><userName/><createDate/><modifiedDate/><title><![CDATA[<?xml version='1.0' encoding='UTF-8'?><root available-locales="es_ES,pt_BR," default-locale="es_ES"><Title language-id="pt_BR">Módulo</Title></root>]]></title><description><![CDATA[<?xml version='1.0' encoding='UTF-8'?><root available-locales="es_ES,pt_BR," default-locale="es_ES"><Description language-id="pt_BR">Descrição</Description></root>]]></description><ordern>4209</ordern><startDate>2016-02-16 18:07:00</startDate><endDate>2017-02-16 18:07:00</endDate><icon>0</icon><precedence>0</precedence><moduleResults/></module></course><course><courseId>3511</courseId><module id="1"><moduleId>4210</moduleId><companyId>10153</companyId><groupId>72901</groupId><userId>64703</userId><userName/><createDate/><modifiedDate/><title><![CDATA[<?xml version='1.0' encoding='UTF-8'?><root available-locales="es_ES,pt_BR," default-locale="es_ES"><Title language-id="pt_BR">Módulo</Title></root>]]></title><description><![CDATA[<?xml version='1.0' encoding='UTF-8'?><root available-locales="es_ES,pt_BR," default-locale="es_ES"><Description language-id="pt_BR">Descrição</Description></root>]]></description><ordern>4210</ordern><startDate>2016-02-16 18:08:00</startDate><endDate>2017-02-16 18:08:00</endDate><icon>0</icon><precedence>0</precedence><moduleResults/></module></course><course><courseId>3512</courseId><module id="1"><moduleId>4211</moduleId><companyId>10153</companyId><groupId>72963</groupId><userId>64703</userId><userName/><createDate/><modifiedDate/><title><![CDATA[<?xml version='1.0' encoding='UTF-8'?><root available-locales="es_ES,pt_BR," default-locale="es_ES"><Title language-id="pt_BR">Módulo</Title></root>]]></title><description><![CDATA[<?xml version='1.0' encoding='UTF-8'?><root available-locales="es_ES,pt_BR," default-locale="es_ES"><Description language-id="pt_BR">Descrição</Description></root>]]></description><ordern>4211</ordern><startDate>2016-02-16 18:08:00</startDate><endDate>2017-02-16 18:08:00</endDate><icon>0</icon><precedence>0</precedence><moduleResults><moduleResult><mrId>4001</mrId><result>0</result><comments/><userId>64724</userId><passed>false</passed><startDate>2016-02-17 21:48:49</startDate><passedDate/></moduleResult><moduleResult><mrId>4002</mrId><result>0</result><comments/><userId>64703</userId><passed>false</passed><startDate>2016-02-17 21:55:00</startDate><passedDate/></moduleResult></moduleResults></module></course><course><courseId>3513</courseId><module id="1"><moduleId>4212</moduleId><companyId>10153</companyId><groupId>73025</groupId><userId>64703</userId><userName/><createDate/><modifiedDate/><title><![CDATA[<?xml version='1.0' encoding='UTF-8'?><root available-locales="es_ES,pt_BR," default-locale="es_ES"><Title language-id="pt_BR">Módulo</Title></root>]]></title><description><![CDATA[<?xml version='1.0' encoding='UTF-8'?><root available-locales="es_ES,pt_BR," default-locale="es_ES"><Description language-id="pt_BR">Descrição</Description></root>]]></description><ordern>4212</ordern><startDate>2016-02-16 18:09:00</startDate><endDate>2017-02-16 18:09:00</endDate><icon>0</icon><precedence>0</precedence><moduleResults/></module></course><course><courseId>3514</courseId><module id="1"><moduleId>4213</moduleId><companyId>10153</companyId><groupId>73087</groupId><userId>64703</userId><userName/><createDate/><modifiedDate/><title><![CDATA[<?xml version='1.0' encoding='UTF-8'?><root available-locales="es_ES,pt_BR," default-locale="es_ES"><Title language-id="pt_BR">Módulo</Title></root>]]></title><description><![CDATA[<?xml version='1.0' encoding='UTF-8'?><root available-locales="es_ES,pt_BR," default-locale="es_ES"><Description language-id="pt_BR">Descrição</Description></root>]]></description><ordern>4213</ordern><startDate>2016-02-16 18:09:00</startDate><endDate>2017-02-16 18:09:00</endDate><icon>0</icon><precedence>0</precedence><moduleResults><moduleResult><mrId>3901</mrId><result>0</result><comments/><userId>64703</userId><passed>false</passed><startDate>2016-02-17 12:33:00</startDate><passedDate/></moduleResult></moduleResults></module></course><course><courseId>3515</courseId><module id="1"><moduleId>4214</moduleId><companyId>10153</companyId><groupId>73149</groupId><userId>64703</userId><userName/><createDate/><modifiedDate/><title><![CDATA[<?xml version='1.0' encoding='UTF-8'?><root available-locales="es_ES,pt_BR," default-locale="es_ES"><Title language-id="pt_BR">Módulo</Title></root>]]></title><description><![CDATA[<?xml version='1.0' encoding='UTF-8'?><root available-locales="es_ES,pt_BR," default-locale="es_ES"><Description language-id="pt_BR">Descrição</Description></root>]]></description><ordern>4214</ordern><startDate>2016-02-16 18:12:00</startDate><endDate>2017-02-16 18:12:00</endDate><icon>0</icon><precedence>0</precedence><moduleResults><moduleResult><mrId>3902</mrId><result>0</result><comments/><userId>64703</userId><passed>false</passed><startDate>2016-02-17 12:36:55</startDate><passedDate/></moduleResult></moduleResults></module></course><course><courseId>3516</courseId><module id="1"><moduleId>4215</moduleId><companyId>10153</companyId><groupId>73211</groupId><userId>64703</userId><userName/><createDate/><modifiedDate/><title><![CDATA[<?xml version='1.0' encoding='UTF-8'?><root available-locales="es_ES,pt_BR," default-locale="es_ES"><Title language-id="pt_BR">Módulo</Title></root>]]></title><description><![CDATA[<?xml version='1.0' encoding='UTF-8'?><root available-locales="es_ES,pt_BR," default-locale="es_ES"><Description language-id="pt_BR">Descrição</Description></root>]]></description><ordern>4215</ordern><startDate>2016-02-16 18:14:00</startDate><endDate>2017-02-16 18:14:00</endDate><icon>0</icon><precedence>0</precedence><moduleResults/></module></course><course><courseId>3517</courseId><module id="1"><moduleId>4216</moduleId><companyId>10153</companyId><groupId>73273</groupId><userId>64703</userId><userName/><createDate/><modifiedDate/><title><![CDATA[<?xml version='1.0' encoding='UTF-8'?><root available-locales="es_ES,pt_BR," default-locale="es_ES"><Title language-id="pt_BR">Módulo</Title></root>]]></title><description><![CDATA[<?xml version='1.0' encoding='UTF-8'?><root available-locales="es_ES,pt_BR," default-locale="es_ES"><Description language-id="pt_BR">Descrição</Description></root>]]></description><ordern>4216</ordern><startDate>2016-02-16 18:15:00</startDate><endDate>2017-02-16 18:15:00</endDate><icon>0</icon><precedence>0</precedence><moduleResults/></module></course><course><courseId>3518</courseId><module id="1"><moduleId>4217</moduleId><companyId>10153</companyId><groupId>73335</groupId><userId>64703</userId><userName/><createDate/><modifiedDate/><title><![CDATA[<?xml version='1.0' encoding='UTF-8'?><root available-locales="es_ES,pt_BR," default-locale="es_ES"><Title language-id="pt_BR">Módulo</Title></root>]]></title><description><![CDATA[<?xml version='1.0' encoding='UTF-8'?><root available-locales="es_ES,pt_BR," default-locale="es_ES"><Description language-id="pt_BR">Descrição</Description></root>]]></description><ordern>4217</ordern><startDate>2016-02-16 18:16:00</startDate><endDate>2017-02-16 18:16:00</endDate><icon>0</icon><precedence>0</precedence><moduleResults/></module></course><course><courseId>3519</courseId><module id="1"><moduleId>4218</moduleId><companyId>10153</companyId><groupId>73692</groupId><userId>64703</userId><userName/><createDate/><modifiedDate/><title><![CDATA[<?xml version='1.0' encoding='UTF-8'?><root available-locales="es_ES,pt_BR," default-locale="es_ES"><Title language-id="pt_BR">Módulo</Title></root>]]></title><description><![CDATA[<?xml version='1.0' encoding='UTF-8'?><root available-locales="es_ES,pt_BR," default-locale="es_ES"><Description language-id="pt_BR">Descrição</Description></root>]]></description><ordern>4218</ordern><startDate>2016-02-16 20:03:00</startDate><endDate>2017-02-16 20:03:00</endDate><icon>0</icon><precedence>0</precedence><moduleResults/></module></course><course><courseId>3520</courseId><module id="1"><moduleId>4219</moduleId><companyId>10153</companyId><groupId>73754</groupId><userId>64703</userId><userName/><createDate/><modifiedDate/><title><![CDATA[<?xml version='1.0' encoding='UTF-8'?><root available-locales="es_ES,pt_BR," default-locale="es_ES"><Title language-id="pt_BR">Módulo</Title></root>]]></title><description><![CDATA[<?xml version='1.0' encoding='UTF-8'?><root available-locales="es_ES,pt_BR," default-locale="es_ES"><Description language-id="pt_BR">Descrição</Description></root>]]></description><ordern>4219</ordern><startDate>2016-02-16 20:04:00</startDate><endDate>2017-02-16 20:04:00</endDate><icon>0</icon><precedence>0</precedence><moduleResults/></module></course><course><courseId>3521</courseId><module id="1"><moduleId>4220</moduleId><companyId>10153</companyId><groupId>73816</groupId><userId>64703</userId><userName/><createDate/><modifiedDate/><title><![CDATA[<?xml version='1.0' encoding='UTF-8'?><root available-locales="es_ES,pt_BR," default-locale="es_ES"><Title language-id="pt_BR">Módulo</Title></root>]]></title><description><![CDATA[<?xml version='1.0' encoding='UTF-8'?><root available-locales="es_ES,pt_BR," default-locale="es_ES"><Description language-id="pt_BR">Descrição</Description></root>]]></description><ordern>4220</ordern><startDate>2016-02-16 20:04:00</startDate><endDate>2017-02-16 20:04:00</endDate><icon>0</icon><precedence>0</precedence><moduleResults/></module></course><course><courseId>3522</courseId><module id="1"><moduleId>4221</moduleId><companyId>10153</companyId><groupId>73878</groupId><userId>64703</userId><userName/><createDate/><modifiedDate/><title><![CDATA[<?xml version='1.0' encoding='UTF-8'?><root available-locales="es_ES,pt_BR," default-locale="es_ES"><Title language-id="pt_BR">Módulo</Title></root>]]></title><description><![CDATA[<?xml version='1.0' encoding='UTF-8'?><root available-locales="es_ES,pt_BR," default-locale="es_ES"><Description language-id="pt_BR">Descrição</Description></root>]]></description><ordern>4221</ordern><startDate>2016-02-16 20:05:00</startDate><endDate>2017-02-16 20:05:00</endDate><icon>0</icon><precedence>0</precedence><moduleResults/></module></course><course><courseId>3601</courseId><module id="1"><moduleId>4301</moduleId><companyId>10153</companyId><groupId>74194</groupId><userId>64703</userId><userName/><createDate/><modifiedDate/><title><![CDATA[<?xml version='1.0' encoding='UTF-8'?><root available-locales="es_ES,pt_BR," default-locale="es_ES"><Title language-id="pt_BR">Módulo</Title></root>]]></title><description><![CDATA[<?xml version='1.0' encoding='UTF-8'?><root available-locales="es_ES,pt_BR," default-locale="es_ES"><Description language-id="pt_BR">Descrição</Description></root>]]></description><ordern>4301</ordern><startDate>2016-02-17 22:28:00</startDate><endDate>2017-02-17 22:28:00</endDate><icon>0</icon><precedence>0</precedence><moduleResults/></module></course><course><courseId>3602</courseId><module id="1"><moduleId>4302</moduleId><companyId>10153</companyId><groupId>74256</groupId><userId>64703</userId><userName/><createDate/><modifiedDate/><title><![CDATA[<?xml version='1.0' encoding='UTF-8'?><root available-locales="es_ES,pt_BR," default-locale="es_ES"><Title language-id="pt_BR">Módulo</Title></root>]]></title><description><![CDATA[<?xml version='1.0' encoding='UTF-8'?><root available-locales="es_ES,pt_BR," default-locale="es_ES"><Description language-id="pt_BR">Descrição</Description></root>]]></description><ordern>4302</ordern><startDate>2016-02-17 22:29:00</startDate><endDate>2017-02-17 22:29:00</endDate><icon>0</icon><precedence>0</precedence><moduleResults/></module></course><course><courseId>3603</courseId><module id="1"><moduleId>4303</moduleId><companyId>10153</companyId><groupId>74318</groupId><userId>64703</userId><userName/><createDate/><modifiedDate/><title><![CDATA[<?xml version='1.0' encoding='UTF-8'?><root available-locales="es_ES,pt_BR," default-locale="es_ES"><Title language-id="pt_BR">Módulo</Title></root>]]></title><description><![CDATA[<?xml version='1.0' encoding='UTF-8'?><root available-locales="es_ES,pt_BR," default-locale="es_ES"><Description language-id="pt_BR">Descrição</Description></root>]]></description><ordern>4303</ordern><startDate>2016-02-17 22:30:00</startDate><endDate>2017-02-17 22:30:00</endDate><icon>0</icon><precedence>0</precedence><moduleResults/></module></course><course><courseId>3604</courseId><module id="1"><moduleId>4304</moduleId><companyId>10153</companyId><groupId>74380</groupId><userId>64703</userId><userName/><createDate/><modifiedDate/><title><![CDATA[<?xml version='1.0' encoding='UTF-8'?><root available-locales="es_ES,pt_BR," default-locale="es_ES"><Title language-id="pt_BR">Módulo</Title></root>]]></title><description><![CDATA[<?xml version='1.0' encoding='UTF-8'?><root available-locales="es_ES,pt_BR," default-locale="es_ES"><Description language-id="pt_BR">Descrição</Description></root>]]></description><ordern>4304</ordern><startDate>2016-02-17 22:31:00</startDate><endDate>2017-02-17 22:31:00</endDate><icon>0</icon><precedence>0</precedence><moduleResults/></module></course><course><courseId>3605</courseId><module id="1"><moduleId>4305</moduleId><companyId>10153</companyId><groupId>74442</groupId><userId>64703</userId><userName/><createDate/><modifiedDate/><title><![CDATA[<?xml version='1.0' encoding='UTF-8'?><root available-locales="es_ES,pt_BR," default-locale="es_ES"><Title language-id="pt_BR">Módulo</Title></root>]]></title><description><![CDATA[<?xml version='1.0' encoding='UTF-8'?><root available-locales="es_ES,pt_BR," default-locale="es_ES"><Description language-id="pt_BR">Descrição</Description></root>]]></description><ordern>4305</ordern><startDate>2016-02-17 22:31:00</startDate><endDate>2017-02-17 22:31:00</endDate><icon>0</icon><precedence>0</precedence><moduleResults/></module></course><course><courseId>3606</courseId><module id="1"><moduleId>4306</moduleId><companyId>10153</companyId><groupId>74504</groupId><userId>64703</userId><userName/><createDate/><modifiedDate/><title><![CDATA[<?xml version='1.0' encoding='UTF-8'?><root available-locales="es_ES,pt_BR," default-locale="es_ES"><Title language-id="pt_BR">Módulo</Title></root>]]></title><description><![CDATA[<?xml version='1.0' encoding='UTF-8'?><root available-locales="es_ES,pt_BR," default-locale="es_ES"><Description language-id="pt_BR">Descrição</Description></root>]]></description><ordern>4306</ordern><startDate>2016-02-17 22:32:00</startDate><endDate>2017-02-17 22:32:00</endDate><icon>0</icon><precedence>0</precedence><moduleResults/></module></course><course><courseId>3607</courseId><module id="1"><moduleId>4307</moduleId><companyId>10153</companyId><groupId>74566</groupId><userId>64703</userId><userName/><createDate/><modifiedDate/><title><![CDATA[<?xml version='1.0' encoding='UTF-8'?><root available-locales="es_ES,pt_BR," default-locale="es_ES"><Title language-id="pt_BR">Módulo</Title></root>]]></title><description><![CDATA[<?xml version='1.0' encoding='UTF-8'?><root available-locales="es_ES,pt_BR," default-locale="es_ES"><Description language-id="pt_BR">Descrição</Description></root>]]></description><ordern>4307</ordern><startDate>2016-02-17 22:33:00</startDate><endDate>2017-02-17 22:33:00</endDate><icon>0</icon><precedence>0</precedence><moduleResults/></module></course><course><courseId>3608</courseId><module id="1"><moduleId>4308</moduleId><companyId>10153</companyId><groupId>74628</groupId><userId>64703</userId><userName/><createDate/><modifiedDate/><title><![CDATA[<?xml version='1.0' encoding='UTF-8'?><root available-locales="es_ES,pt_BR," default-locale="es_ES"><Title language-id="pt_BR">Módulo</Title></root>]]></title><description><![CDATA[<?xml version='1.0' encoding='UTF-8'?><root available-locales="es_ES,pt_BR," default-locale="es_ES"><Description language-id="pt_BR">Descrição</Description></root>]]></description><ordern>4308</ordern><startDate>2016-02-17 22:34:00</startDate><endDate>2017-02-17 22:34:00</endDate><icon>0</icon><precedence>0</precedence><moduleResults><moduleResult><mrId>4101</mrId><result>0</result><comments/><userId>64703</userId><passed>false</passed><startDate>2016-02-18 10:59:24</startDate><passedDate/></moduleResult></moduleResults></module></course><course><courseId>3609</courseId><module id="1"><moduleId>4309</moduleId><companyId>10153</companyId><groupId>74690</groupId><userId>64703</userId><userName/><createDate/><modifiedDate/><title><![CDATA[<?xml version='1.0' encoding='UTF-8'?><root available-locales="es_ES,pt_BR," default-locale="es_ES"><Title language-id="pt_BR">Módulo</Title></root>]]></title><description><![CDATA[<?xml version='1.0' encoding='UTF-8'?><root available-locales="es_ES,pt_BR," default-locale="es_ES"><Description language-id="pt_BR">Descrição</Description></root>]]></description><ordern>4309</ordern><startDate>2016-02-17 22:35:00</startDate><endDate>2017-02-17 22:35:00</endDate><icon>0</icon><precedence>0</precedence><moduleResults/></module></course><course><courseId>3610</courseId><module id="1"><moduleId>4310</moduleId><companyId>10153</companyId><groupId>74752</groupId><userId>64703</userId><userName/><createDate/><modifiedDate/><title><![CDATA[<?xml version='1.0' encoding='UTF-8'?><root available-locales="es_ES,pt_BR," default-locale="es_ES"><Title language-id="pt_BR">Módulo</Title></root>]]></title><description><![CDATA[<?xml version='1.0' encoding='UTF-8'?><root available-locales="es_ES,pt_BR," default-locale="es_ES"><Description language-id="pt_BR">Descrição</Description></root>]]></description><ordern>4310</ordern><startDate>2016-02-17 22:36:00</startDate><endDate>2017-02-17 22:36:00</endDate><icon>0</icon><precedence>0</precedence><moduleResults/></module></course><course><courseId>3611</courseId><module id="1"><moduleId>4311</moduleId><companyId>10153</companyId><groupId>74814</groupId><userId>64703</userId><userName/><createDate/><modifiedDate/><title><![CDATA[<?xml version='1.0' encoding='UTF-8'?><root available-locales="es_ES,pt_BR," default-locale="es_ES"><Title language-id="pt_BR">Módulo</Title></root>]]></title><description><![CDATA[<?xml version='1.0' encoding='UTF-8'?><root available-locales="es_ES,pt_BR," default-locale="es_ES"><Description language-id="pt_BR">Descrição</Description></root>]]></description><ordern>4311</ordern><startDate>2016-02-17 22:37:00</startDate><endDate>2017-02-17 22:37:00</endDate><icon>0</icon><precedence>0</precedence><moduleResults/></module></course><course><courseId>3701</courseId><module id="1"><moduleId>4401</moduleId><companyId>10153</companyId><groupId>75302</groupId><userId>64703</userId><userName/><createDate/><modifiedDate/><title><![CDATA[<?xml version='1.0' encoding='UTF-8'?><root available-locales="es_ES,pt_BR," default-locale="es_ES"><Title language-id="pt_BR">Módulo</Title></root>]]></title><description><![CDATA[<?xml version='1.0' encoding='UTF-8'?><root available-locales="es_ES,pt_BR," default-locale="es_ES"><Description language-id="pt_BR">Descrição</Description></root>]]></description><ordern>4401</ordern><startDate>2016-02-18 07:32:00</startDate><endDate>2017-02-18 07:32:00</endDate><icon>0</icon><precedence>0</precedence><moduleResults/></module></course><course><courseId>3702</courseId><module id="1"><moduleId>4402</moduleId><companyId>10153</companyId><groupId>75364</groupId><userId>64703</userId><userName/><createDate/><modifiedDate/><title><![CDATA[<?xml version='1.0' encoding='UTF-8'?><root available-locales="es_ES,pt_BR," default-locale="es_ES"><Title language-id="pt_BR">Módulo</Title></root>]]></title><description><![CDATA[<?xml version='1.0' encoding='UTF-8'?><root available-locales="es_ES,pt_BR," default-locale="es_ES"><Description language-id="pt_BR">Descrição</Description></root>]]></description><ordern>4402</ordern><startDate>2016-02-18 07:43:00</startDate><endDate>2017-02-18 07:43:00</endDate><icon>0</icon><precedence>0</precedence><moduleResults/></module></course><course><courseId>3703</courseId><module id="1"><moduleId>4403</moduleId><companyId>10153</companyId><groupId>75426</groupId><userId>64703</userId><userName/><createDate/><modifiedDate/><title><![CDATA[<?xml version='1.0' encoding='UTF-8'?><root available-locales="es_ES,pt_BR," default-locale="es_ES"><Title language-id="pt_BR">Módulo</Title></root>]]></title><description><![CDATA[<?xml version='1.0' encoding='UTF-8'?><root available-locales="es_ES,pt_BR," default-locale="es_ES"><Description language-id="pt_BR">Descrição</Description></root>]]></description><ordern>4403</ordern><startDate>2016-02-18 07:43:00</startDate><endDate>2017-02-18 07:43:00</endDate><icon>0</icon><precedence>0</precedence><moduleResults/></module></course><course><courseId>3704</courseId><module id="1"><moduleId>4404</moduleId><companyId>10153</companyId><groupId>75488</groupId><userId>64703</userId><userName/><createDate/><modifiedDate/><title><![CDATA[<?xml version='1.0' encoding='UTF-8'?><root available-locales="es_ES,pt_BR," default-locale="es_ES"><Title language-id="pt_BR">Módulo</Title></root>]]></title><description><![CDATA[<?xml version='1.0' encoding='UTF-8'?><root available-locales="es_ES,pt_BR," default-locale="es_ES"><Description language-id="pt_BR">Descrição</Description></root>]]></description><ordern>4404</ordern><startDate>2016-02-18 07:45:00</startDate><endDate>2017-02-18 07:45:00</endDate><icon>0</icon><precedence>0</precedence><moduleResults/></module></course><course><courseId>3801</courseId><module id="1"><moduleId>4501</moduleId><companyId>10153</companyId><groupId>75902</groupId><userId>64703</userId><userName/><createDate/><modifiedDate/><title><![CDATA[<?xml version='1.0' encoding='UTF-8'?><root available-locales="es_ES,pt_BR," default-locale="es_ES"><Title language-id="pt_BR">Módulo</Title></root>]]></title><description><![CDATA[<?xml version='1.0' encoding='UTF-8'?><root available-locales="es_ES,pt_BR," default-locale="es_ES"><Description language-id="pt_BR">Descrição</Description></root>]]></description><ordern>4501</ordern><startDate>2016-02-18 22:49:00</startDate><endDate>2017-02-18 22:49:00</endDate><icon>0</icon><precedence>0</precedence><moduleResults/></module></course><course><courseId>3802</courseId><module id="1"><moduleId>4502</moduleId><companyId>10153</companyId><groupId>75964</groupId><userId>64703</userId><userName/><createDate/><modifiedDate/><title><![CDATA[<?xml version='1.0' encoding='UTF-8'?><root available-locales="es_ES,pt_BR," default-locale="es_ES"><Title language-id="pt_BR">Módulo</Title></root>]]></title><description><![CDATA[<?xml version='1.0' encoding='UTF-8'?><root available-locales="es_ES,pt_BR," default-locale="es_ES"><Description language-id="pt_BR">Descrição</Description></root>]]></description><ordern>4502</ordern><startDate>2016-02-18 22:50:00</startDate><endDate>2017-02-18 22:50:00</endDate><icon>0</icon><precedence>0</precedence><moduleResults/></module></course><course><courseId>3803</courseId><module id="1"><moduleId>4503</moduleId><companyId>10153</companyId><groupId>76026</groupId><userId>64703</userId><userName/><createDate/><modifiedDate/><title><![CDATA[<?xml version='1.0' encoding='UTF-8'?><root available-locales="es_ES,pt_BR," default-locale="es_ES"><Title language-id="pt_BR">Módulo</Title></root>]]></title><description><![CDATA[<?xml version='1.0' encoding='UTF-8'?><root available-locales="es_ES,pt_BR," default-locale="es_ES"><Description language-id="pt_BR">Descrição</Description></root>]]></description><ordern>4503</ordern><startDate>2016-02-18 22:50:00</startDate><endDate>2017-02-18 22:50:00</endDate><icon>0</icon><precedence>0</precedence><moduleResults/></module></course><course><courseId>3804</courseId><module id="1"><moduleId>4504</moduleId><companyId>10153</companyId><groupId>76088</groupId><userId>64703</userId><userName/><createDate/><modifiedDate/><title><![CDATA[<?xml version='1.0' encoding='UTF-8'?><root available-locales="es_ES,pt_BR," default-locale="es_ES"><Title language-id="pt_BR">Módulo</Title></root>]]></title><description><![CDATA[<?xml version='1.0' encoding='UTF-8'?><root available-locales="es_ES,pt_BR," default-locale="es_ES"><Description language-id="pt_BR">Descrição</Description></root>]]></description><ordern>4504</ordern><startDate>2016-02-18 22:51:00</startDate><endDate>2017-02-18 22:51:00</endDate><icon>0</icon><precedence>0</precedence><moduleResults/></module></course><course><courseId>3805</courseId><module id="1"><moduleId>4505</moduleId><companyId>10153</companyId><groupId>76321</groupId><userId>64703</userId><userName/><createDate/><modifiedDate/><title><![CDATA[<?xml version='1.0' encoding='UTF-8'?><root available-locales="es_ES,pt_BR," default-locale="es_ES"><Title language-id="pt_BR">Módulo</Title></root>]]></title><description><![CDATA[<?xml version='1.0' encoding='UTF-8'?><root available-locales="es_ES,pt_BR," default-locale="es_ES"><Description language-id="pt_BR">Descrição</Description></root>]]></description><ordern>4505</ordern><startDate>2016-02-18 23:02:00</startDate><endDate>2017-02-18 23:02:00</endDate><icon>0</icon><precedence>0</precedence><moduleResults/></module></course><course><courseId>3806</courseId><module id="1"><moduleId>4506</moduleId><companyId>10153</companyId><groupId>76383</groupId><userId>64703</userId><userName/><createDate/><modifiedDate/><title><![CDATA[<?xml version='1.0' encoding='UTF-8'?><root available-locales="es_ES,pt_BR," default-locale="es_ES"><Title language-id="pt_BR">Módulo</Title></root>]]></title><description><![CDATA[<?xml version='1.0' encoding='UTF-8'?><root available-locales="es_ES,pt_BR," default-locale="es_ES"><Description language-id="pt_BR">Descrição</Description></root>]]></description><ordern>4506</ordern><startDate>2016-02-18 23:02:00</startDate><endDate>2017-02-18 23:02:00</endDate><icon>0</icon><precedence>0</precedence><moduleResults/></module></course><course><courseId>3807</courseId><module id="1"><moduleId>4507</moduleId><companyId>10153</companyId><groupId>76445</groupId><userId>64703</userId><userName/><createDate/><modifiedDate/><title><![CDATA[<?xml version='1.0' encoding='UTF-8'?><root available-locales="es_ES,pt_BR," default-locale="es_ES"><Title language-id="pt_BR">Módulo</Title></root>]]></title><description><![CDATA[<?xml version='1.0' encoding='UTF-8'?><root available-locales="es_ES,pt_BR," default-locale="es_ES"><Description language-id="pt_BR">Descrição</Description></root>]]></description><ordern>4507</ordern><startDate>2016-02-18 23:03:00</startDate><endDate>2017-02-18 23:03:00</endDate><icon>0</icon><precedence>0</precedence><moduleResults/></module></course><course><courseId>3808</courseId><module id="1"><moduleId>4508</moduleId><companyId>10153</companyId><groupId>76507</groupId><userId>64703</userId><userName/><createDate/><modifiedDate/><title><![CDATA[<?xml version='1.0' encoding='UTF-8'?><root available-locales="es_ES,pt_BR," default-locale="es_ES"><Title language-id="pt_BR">Módulo</Title></root>]]></title><description><![CDATA[<?xml version='1.0' encoding='UTF-8'?><root available-locales="es_ES,pt_BR," default-locale="es_ES"><Description language-id="pt_BR">Descrição</Description></root>]]></description><ordern>4508</ordern><startDate>2016-02-18 23:03:00</startDate><endDate>2017-02-18 23:03:00</endDate><icon>0</icon><precedence>0</precedence><moduleResults/></module></course><course><courseId>3809</courseId><module id="1"><moduleId>4509</moduleId><companyId>10153</companyId><groupId>76569</groupId><userId>64703</userId><userName/><createDate/><modifiedDate/><title><![CDATA[<?xml version='1.0' encoding='UTF-8'?><root available-locales="es_ES,pt_BR," default-locale="es_ES"><Title language-id="pt_BR">Módulo</Title></root>]]></title><description><![CDATA[<?xml version='1.0' encoding='UTF-8'?><root available-locales="es_ES,pt_BR," default-locale="es_ES"><Description language-id="pt_BR">Descrição</Description></root>]]></description><ordern>4509</ordern><startDate>2016-02-18 23:04:00</startDate><endDate>2017-02-18 23:04:00</endDate><icon>0</icon><precedence>0</precedence><moduleResults/></module></course><course><courseId>3810</courseId><module id="1"><moduleId>4510</moduleId><companyId>10153</companyId><groupId>76631</groupId><userId>64703</userId><userName/><createDate/><modifiedDate/><title><![CDATA[<?xml version='1.0' encoding='UTF-8'?><root available-locales="es_ES,pt_BR," default-locale="es_ES"><Title language-id="pt_BR">Módulo</Title></root>]]></title><description><![CDATA[<?xml version='1.0' encoding='UTF-8'?><root available-locales="es_ES,pt_BR," default-locale="es_ES"><Description language-id="pt_BR">Descrição</Description></root>]]></description><ordern>4510</ordern><startDate>2016-02-18 23:04:00</startDate><endDate>2017-02-18 23:04:00</endDate><icon>0</icon><precedence>0</precedence><moduleResults/></module></course><course><courseId>3811</courseId><module id="1"><moduleId>4511</moduleId><companyId>10153</companyId><groupId>76693</groupId><userId>64703</userId><userName/><createDate/><modifiedDate/><title><![CDATA[<?xml version='1.0' encoding='UTF-8'?><root available-locales="es_ES,pt_BR," default-locale="es_ES"><Title language-id="pt_BR">Módulo</Title></root>]]></title><description><![CDATA[<?xml version='1.0' encoding='UTF-8'?><root available-locales="es_ES,pt_BR," default-locale="es_ES"><Description language-id="pt_BR">Descrição</Description></root>]]></description><ordern>4511</ordern><startDate>2016-02-18 23:05:00</startDate><endDate>2017-02-18 23:05:00</endDate><icon>0</icon><precedence>0</precedence><moduleResults/></module></course><course><courseId>3812</courseId><module id="1"><moduleId>4512</moduleId><companyId>10153</companyId><groupId>76755</groupId><userId>64703</userId><userName/><createDate/><modifiedDate/><title><![CDATA[<?xml version='1.0' encoding='UTF-8'?><root available-locales="es_ES,pt_BR," default-locale="es_ES"><Title language-id="pt_BR">Módulo</Title></root>]]></title><description><![CDATA[<?xml version='1.0' encoding='UTF-8'?><root available-locales="es_ES,pt_BR," default-locale="es_ES"><Description language-id="pt_BR">Descrição</Description></root>]]></description><ordern>4512</ordern><startDate>2016-02-18 23:05:00</startDate><endDate>2017-02-18 23:05:00</endDate><icon>0</icon><precedence>0</precedence><moduleResults/></module></course><course><courseId>3813</courseId><module id="1"><moduleId>4513</moduleId><companyId>10153</companyId><groupId>76817</groupId><userId>64703</userId><userName/><createDate/><modifiedDate/><title><![CDATA[<?xml version='1.0' encoding='UTF-8'?><root available-locales="es_ES,pt_BR," default-locale="es_ES"><Title language-id="pt_BR">Módulo</Title></root>]]></title><description><![CDATA[<?xml version='1.0' encoding='UTF-8'?><root available-locales="es_ES,pt_BR," default-locale="es_ES"><Description language-id="pt_BR">Descrição</Description></root>]]></description><ordern>4513</ordern><startDate>2016-02-18 23:06:00</startDate><endDate>2017-02-18 23:06:00</endDate><icon>0</icon><precedence>0</precedence><moduleResults/></module></course><course><courseId>3814</courseId><module id="1"><moduleId>4514</moduleId><companyId>10153</companyId><groupId>76879</groupId><userId>64703</userId><userName/><createDate/><modifiedDate/><title><![CDATA[<?xml version='1.0' encoding='UTF-8'?><root available-locales="es_ES,pt_BR," default-locale="es_ES"><Title language-id="pt_BR">Módulo</Title></root>]]></title><description><![CDATA[<?xml version='1.0' encoding='UTF-8'?><root available-locales="es_ES,pt_BR," default-locale="es_ES"><Description language-id="pt_BR">Descrição</Description></root>]]></description><ordern>4514</ordern><startDate>2016-02-18 23:06:00</startDate><endDate>2017-02-18 23:06:00</endDate><icon>0</icon><precedence>0</precedence><moduleResults/></module></course><course><courseId>3815</courseId><module id="1"><moduleId>4515</moduleId><companyId>10153</companyId><groupId>76941</groupId><userId>64703</userId><userName/><createDate/><modifiedDate/><title><![CDATA[<?xml version='1.0' encoding='UTF-8'?><root available-locales="es_ES,pt_BR," default-locale="es_ES"><Title language-id="pt_BR">Módulo</Title></root>]]></title><description><![CDATA[<?xml version='1.0' encoding='UTF-8'?><root available-locales="es_ES,pt_BR," default-locale="es_ES"><Description language-id="pt_BR">Descrição</Description></root>]]></description><ordern>4515</ordern><startDate>2016-02-18 23:07:00</startDate><endDate>2017-02-18 23:07:00</endDate><icon>0</icon><precedence>0</precedence><moduleResults/></module></course><course><courseId>3816</courseId><module id="1"><moduleId>4516</moduleId><companyId>10153</companyId><groupId>77003</groupId><userId>64703</userId><userName/><createDate/><modifiedDate/><title><![CDATA[<?xml version='1.0' encoding='UTF-8'?><root available-locales="es_ES,pt_BR," default-locale="es_ES"><Title language-id="pt_BR">Módulo</Title></root>]]></title><description><![CDATA[<?xml version='1.0' encoding='UTF-8'?><root available-locales="es_ES,pt_BR," default-locale="es_ES"><Description language-id="pt_BR">Descrição</Description></root>]]></description><ordern>4516</ordern><startDate>2016-02-18 23:08:00</startDate><endDate>2017-02-18 23:08:00</endDate><icon>0</icon><precedence>0</precedence><moduleResults/></module></course><course><courseId>3817</courseId><module id="1"><moduleId>4517</moduleId><companyId>10153</companyId><groupId>77316</groupId><userId>64703</userId><userName/><createDate/><modifiedDate/><title><![CDATA[<?xml version='1.0' encoding='UTF-8'?><root available-locales="es_ES,pt_BR," default-locale="es_ES"><Title language-id="pt_BR">Módulo</Title></root>]]></title><description><![CDATA[<?xml version='1.0' encoding='UTF-8'?><root available-locales="es_ES,pt_BR," default-locale="es_ES"><Description language-id="pt_BR">Descrição</Description></root>]]></description><ordern>4517</ordern><startDate>2016-02-18 23:25:00</startDate><endDate>2017-02-18 23:25:00</endDate><icon>0</icon><precedence>0</precedence><moduleResults/></module></course><course><courseId>3818</courseId><module id="1"><moduleId>4518</moduleId><companyId>10153</companyId><groupId>77378</groupId><userId>64703</userId><userName/><createDate/><modifiedDate/><title><![CDATA[<?xml version='1.0' encoding='UTF-8'?><root available-locales="es_ES,pt_BR," default-locale="es_ES"><Title language-id="pt_BR">Módulo</Title></root>]]></title><description><![CDATA[<?xml version='1.0' encoding='UTF-8'?><root available-locales="es_ES,pt_BR," default-locale="es_ES"><Description language-id="pt_BR">Descrição</Description></root>]]></description><ordern>4518</ordern><startDate>2016-02-18 23:26:00</startDate><endDate>2017-02-18 23:26:00</endDate><icon>0</icon><precedence>0</precedence><moduleResults/></module></course><course><courseId>3819</courseId><module id="1"><moduleId>4519</moduleId><companyId>10153</companyId><groupId>77440</groupId><userId>64703</userId><userName/><createDate/><modifiedDate/><title><![CDATA[<?xml version='1.0' encoding='UTF-8'?><root available-locales="es_ES,pt_BR," default-locale="es_ES"><Title language-id="pt_BR">Módulo</Title></root>]]></title><description><![CDATA[<?xml version='1.0' encoding='UTF-8'?><root available-locales="es_ES,pt_BR," default-locale="es_ES"><Description language-id="pt_BR">Descrição</Description></root>]]></description><ordern>4519</ordern><startDate>2016-02-18 23:27:00</startDate><endDate>2017-02-18 23:27:00</endDate><icon>0</icon><precedence>0</precedence><moduleResults/></module></course><course><courseId>3820</courseId><module id="1"><moduleId>4520</moduleId><companyId>10153</companyId><groupId>77502</groupId><userId>64703</userId><userName/><createDate/><modifiedDate/><title><![CDATA[<?xml version='1.0' encoding='UTF-8'?><root available-locales="es_ES,pt_BR," default-locale="es_ES"><Title language-id="pt_BR">Módulo</Title></root>]]></title><description><![CDATA[<?xml version='1.0' encoding='UTF-8'?><root available-locales="es_ES,pt_BR," default-locale="es_ES"><Description language-id="pt_BR">Descrição</Description></root>]]></description><ordern>4520</ordern><startDate>2016-02-18 23:28:00</startDate><endDate>2017-02-18 23:28:00</endDate><icon>0</icon><precedence>0</precedence><moduleResults/></module></course><course><courseId>3821</courseId><module id="1"><moduleId>4521</moduleId><companyId>10153</companyId><groupId>77639</groupId><userId>64703</userId><userName/><createDate/><modifiedDate/><title><![CDATA[<?xml version='1.0' encoding='UTF-8'?><root available-locales="es_ES,pt_BR," default-locale="es_ES"><Title language-id="pt_BR">Módulo</Title></root>]]></title><description><![CDATA[<?xml version='1.0' encoding='UTF-8'?><root available-locales="es_ES,pt_BR," default-locale="es_ES"><Description language-id="pt_BR">Descrição</Description></root>]]></description><ordern>4521</ordern><startDate>2016-02-18 23:34:00</startDate><endDate>2017-02-18 23:34:00</endDate><icon>0</icon><precedence>0</precedence><moduleResults/></module></course><course><courseId>3822</courseId><module id="1"><moduleId>4522</moduleId><companyId>10153</companyId><groupId>77701</groupId><userId>64703</userId><userName/><createDate/><modifiedDate/><title><![CDATA[<?xml version='1.0' encoding='UTF-8'?><root available-locales="es_ES,pt_BR," default-locale="es_ES"><Title language-id="pt_BR">Módulo</Title></root>]]></title><description><![CDATA[<?xml version='1.0' encoding='UTF-8'?><root available-locales="es_ES,pt_BR," default-locale="es_ES"><Description language-id="pt_BR">Descrição</Description></root>]]></description><ordern>4522</ordern><startDate>2016-02-18 23:35:00</startDate><endDate>2017-02-18 23:35:00</endDate><icon>0</icon><precedence>0</precedence><moduleResults/></module></course><course><courseId>3823</courseId><module id="1"><moduleId>4523</moduleId><companyId>10153</companyId><groupId>77763</groupId><userId>64703</userId><userName/><createDate/><modifiedDate/><title><![CDATA[<?xml version='1.0' encoding='UTF-8'?><root available-locales="es_ES,pt_BR," default-locale="es_ES"><Title language-id="pt_BR">Módulo</Title></root>]]></title><description><![CDATA[<?xml version='1.0' encoding='UTF-8'?><root available-locales="es_ES,pt_BR," default-locale="es_ES"><Description language-id="pt_BR">Descrição</Description></root>]]></description><ordern>4523</ordern><startDate>2016-02-18 23:35:00</startDate><endDate>2017-02-18 23:35:00</endDate><icon>0</icon><precedence>0</precedence><moduleResults/></module></course><course><courseId>3824</courseId><module id="1"><moduleId>4524</moduleId><companyId>10153</companyId><groupId>77825</groupId><userId>64703</userId><userName/><createDate/><modifiedDate/><title><![CDATA[<?xml version='1.0' encoding='UTF-8'?><root available-locales="es_ES,pt_BR," default-locale="es_ES"><Title language-id="pt_BR">Módulo</Title></root>]]></title><description><![CDATA[<?xml version='1.0' encoding='UTF-8'?><root available-locales="es_ES,pt_BR," default-locale="es_ES"><Description language-id="pt_BR">Descrição</Description></root>]]></description><ordern>4524</ordern><startDate>2016-02-18 23:36:00</startDate><endDate>2017-02-18 23:36:00</endDate><icon>0</icon><precedence>0</precedence><moduleResults/></module></course><course><courseId>3825</courseId><module id="1"><moduleId>4525</moduleId><companyId>10153</companyId><groupId>77960</groupId><userId>64703</userId><userName/><createDate/><modifiedDate/><title><![CDATA[<?xml version='1.0' encoding='UTF-8'?><root available-locales="es_ES,pt_BR," default-locale="es_ES"><Title language-id="pt_BR">Módulo</Title></root>]]></title><description><![CDATA[<?xml version='1.0' encoding='UTF-8'?><root available-locales="es_ES,pt_BR," default-locale="es_ES"><Description language-id="pt_BR">Descrição</Description></root>]]></description><ordern>4525</ordern><startDate>2016-02-18 23:41:00</startDate><endDate>2017-02-18 23:41:00</endDate><icon>0</icon><precedence>0</precedence><moduleResults/></module></course><course><courseId>3826</courseId><module id="1"><moduleId>4526</moduleId><companyId>10153</companyId><groupId>78022</groupId><userId>64703</userId><userName/><createDate/><modifiedDate/><title><![CDATA[<?xml version='1.0' encoding='UTF-8'?><root available-locales="es_ES,pt_BR," default-locale="es_ES"><Title language-id="pt_BR">Módulo</Title></root>]]></title><description><![CDATA[<?xml version='1.0' encoding='UTF-8'?><root available-locales="es_ES,pt_BR," default-locale="es_ES"><Description language-id="pt_BR">Descrição</Description></root>]]></description><ordern>4526</ordern><startDate>2016-02-18 23:42:00</startDate><endDate>2017-02-18 23:42:00</endDate><icon>0</icon><precedence>0</precedence><moduleResults/></module></course><course><courseId>3827</courseId><module id="1"><moduleId>4527</moduleId><companyId>10153</companyId><groupId>78084</groupId><userId>64703</userId><userName/><createDate/><modifiedDate/><title><![CDATA[<?xml version='1.0' encoding='UTF-8'?><root available-locales="es_ES,pt_BR," default-locale="es_ES"><Title language-id="pt_BR">Módulo</Title></root>]]></title><description><![CDATA[<?xml version='1.0' encoding='UTF-8'?><root available-locales="es_ES,pt_BR," default-locale="es_ES"><Description language-id="pt_BR">Descrição</Description></root>]]></description><ordern>4527</ordern><startDate>2016-02-18 23:43:00</startDate><endDate>2017-02-18 23:43:00</endDate><icon>0</icon><precedence>0</precedence><moduleResults/></module></course><course><courseId>3828</courseId><module id="1"><moduleId>4528</moduleId><companyId>10153</companyId><groupId>78146</groupId><userId>64703</userId><userName/><createDate/><modifiedDate/><title><![CDATA[<?xml version='1.0' encoding='UTF-8'?><root available-locales="es_ES,pt_BR," default-locale="es_ES"><Title language-id="pt_BR">Módulo</Title></root>]]></title><description><![CDATA[<?xml version='1.0' encoding='UTF-8'?><root available-locales="es_ES,pt_BR," default-locale="es_ES"><Description language-id="pt_BR">Descrição</Description></root>]]></description><ordern>4528</ordern><startDate>2016-02-18 23:43:00</startDate><endDate>2017-02-18 23:43:00</endDate><icon>0</icon><precedence>0</precedence><moduleResults/></module></course><course><courseId>3829</courseId><module id="1"><moduleId>4529</moduleId><companyId>10153</companyId><groupId>78272</groupId><userId>64703</userId><userName/><createDate/><modifiedDate/><title><![CDATA[<?xml version='1.0' encoding='UTF-8'?><root available-locales="es_ES,pt_BR," default-locale="es_ES"><Title language-id="pt_BR">Módulo</Title></root>]]></title><description><![CDATA[<?xml version='1.0' encoding='UTF-8'?><root available-locales="es_ES,pt_BR," default-locale="es_ES"><Description language-id="pt_BR">Descrição</Description></root>]]></description><ordern>4529</ordern><startDate>2016-02-18 23:51:00</startDate><endDate>2017-02-18 23:51:00</endDate><icon>0</icon><precedence>0</precedence><moduleResults/></module></course></report>