<?xml version="1.0" encoding="UTF-8" standalone="no"?><report><license>EBRO</license><course><courseId>6701</courseId><module id="1"><moduleId>7302</moduleId><companyId>10153</companyId><groupId>145732</groupId><userId>79503</userId><userName/><createDate>2018-03-27 16:22:38</createDate><modifiedDate/><title><![CDATA[<?xml version='1.0' encoding='UTF-8'?><root available-locales="es_ES,en_US,fr_FR,pt_BR," default-locale="es_ES"><Title language-id="es_ES">Unidad</Title><Title language-id="en_US">Unit</Title><Title language-id="fr_FR">Unité</Title><Title language-id="pt_BR">Unidade</Title></root>]]></title><description><![CDATA[<?xml version='1.0' encoding='UTF-8'?><root available-locales="es_ES" default-locale="es_ES"><Description language-id="es_ES">Descripción</Description></root>]]></description><ordern>7302</ordern><startDate>2018-03-27 16:22:00</startDate><endDate>2025-03-27 16:22:00</endDate><icon>0</icon><precedence>0</precedence><moduleResults><moduleResult><mrId>7204</mrId><result>10</result><comments/><userId>64724</userId><passed>false</passed><startDate>2018-03-27 16:24:03</startDate><passedDate/></moduleResult></moduleResults></module></course></report>