<?xml version="1.0" encoding="UTF-8" standalone="no"?><report><user id="1"><userId>0</userId><userGroups/><userActions>248</userActions></user><user id="2"><userId>10195</userId><userGroups><userGroup>12192</userGroup></userGroups><userActions>16</userActions></user><user id="3"><userId>64724</userId><userGroups><userGroup>13915</userGroup><userGroup>12192</userGroup></userGroups><userActions>36</userActions></user><user id="4"><userId>68802</userId><userGroups><userGroup>13923</userGroup><userGroup>12192</userGroup></userGroups><userActions>8</userActions></user><user id="5"><userId>79503</userId><userGroups><userGroup>12847</userGroup><userGroup>12192</userGroup></userGroups><userActions>164</userActions></user><user id="6"><userId>103514</userId><userGroups><userGroup>12847</userGroup><userGroup>12192</userGroup></userGroups><userActions>19</userActions></user><user id="7"><userId>103530</userId><userGroups><userGroup>12847</userGroup><userGroup>12192</userGroup></userGroups><userActions>1</userActions></user></report>