<?xml version="1.0" encoding="UTF-8" standalone="no"?><report><user id="1"><userId>0</userId><userGroups/><userActions>6810</userActions></user><user id="2"><userId>146713</userId><userGroups><userGroup>12847</userGroup><userGroup>12192</userGroup></userGroups><userActions>1075</userActions></user><user id="3"><userId>146753</userId><userGroups><userGroup>12847</userGroup><userGroup>12192</userGroup></userGroups><userActions>933</userActions></user><user id="4"><userId>148044</userId><userGroups><userGroup>13915</userGroup><userGroup>12192</userGroup></userGroups><userActions>38</userActions></user><user id="5"><userId>148057</userId><userGroups><userGroup>13915</userGroup></userGroups><userActions>48</userActions></user><user id="6"><userId>148070</userId><userGroups><userGroup>13915</userGroup><userGroup>12192</userGroup></userGroups><userActions>33</userActions></user><user id="7"><userId>148083</userId><userGroups><userGroup>13915</userGroup><userGroup>12192</userGroup></userGroups><userActions>33</userActions></user><user id="8"><userId>148096</userId><userGroups><userGroup>13915</userGroup><userGroup>12192</userGroup></userGroups><userActions>47</userActions></user><user id="9"><userId>148122</userId><userGroups><userGroup>13915</userGroup><userGroup>12192</userGroup></userGroups><userActions>25</userActions></user><user id="10"><userId>148135</userId><userGroups><userGroup>13915</userGroup><userGroup>12192</userGroup></userGroups><userActions>44</userActions></user><user id="11"><userId>148148</userId><userGroups><userGroup>13915</userGroup><userGroup>12192</userGroup></userGroups><userActions>133</userActions></user><user id="12"><userId>148161</userId><userGroups><userGroup>13915</userGroup><userGroup>12192</userGroup></userGroups><userActions>27</userActions></user><user id="13"><userId>148174</userId><userGroups><userGroup>13915</userGroup><userGroup>12192</userGroup></userGroups><userActions>44</userActions></user><user id="14"><userId>148187</userId><userGroups><userGroup>13915</userGroup><userGroup>12192</userGroup></userGroups><userActions>16</userActions></user><user id="15"><userId>148213</userId><userGroups><userGroup>13915</userGroup><userGroup>12192</userGroup></userGroups><userActions>52</userActions></user><user id="16"><userId>148226</userId><userGroups><userGroup>13915</userGroup><userGroup>12192</userGroup></userGroups><userActions>25</userActions></user><user id="17"><userId>148265</userId><userGroups><userGroup>13915</userGroup><userGroup>12192</userGroup></userGroups><userActions>37</userActions></user><user id="18"><userId>148291</userId><userGroups><userGroup>13915</userGroup><userGroup>12192</userGroup></userGroups><userActions>30</userActions></user><user id="19"><userId>148317</userId><userGroups><userGroup>13915</userGroup><userGroup>12192</userGroup></userGroups><userActions>32</userActions></user><user id="20"><userId>148330</userId><userGroups><userGroup>13915</userGroup><userGroup>12192</userGroup></userGroups><userActions>30</userActions></user><user id="21"><userId>148343</userId><userGroups><userGroup>13915</userGroup><userGroup>12192</userGroup></userGroups><userActions>44</userActions></user><user id="22"><userId>148382</userId><userGroups><userGroup>13915</userGroup><userGroup>12192</userGroup></userGroups><userActions>36</userActions></user><user id="23"><userId>148395</userId><userGroups><userGroup>13915</userGroup><userGroup>12192</userGroup></userGroups><userActions>39</userActions></user><user id="24"><userId>148707</userId><userGroups><userGroup>13915</userGroup><userGroup>12192</userGroup></userGroups><userActions>33</userActions></user><user id="25"><userId>148720</userId><userGroups><userGroup>13915</userGroup><userGroup>12192</userGroup></userGroups><userActions>41</userActions></user><user id="26"><userId>148759</userId><userGroups><userGroup>13915</userGroup><userGroup>12192</userGroup></userGroups><userActions>31</userActions></user><user id="27"><userId>149084</userId><userGroups><userGroup>13915</userGroup><userGroup>12192</userGroup></userGroups><userActions>33</userActions></user><user id="28"><userId>149175</userId><userGroups><userGroup>13915</userGroup><userGroup>12192</userGroup></userGroups><userActions>26</userActions></user><user id="29"><userId>149214</userId><userGroups><userGroup>13915</userGroup><userGroup>12192</userGroup></userGroups><userActions>43</userActions></user><user id="30"><userId>149253</userId><userGroups><userGroup>13915</userGroup><userGroup>12192</userGroup></userGroups><userActions>37</userActions></user><user id="31"><userId>149266</userId><userGroups><userGroup>13915</userGroup><userGroup>12192</userGroup></userGroups><userActions>29</userActions></user><user id="32"><userId>149279</userId><userGroups><userGroup>13915</userGroup><userGroup>12192</userGroup></userGroups><userActions>29</userActions></user><user id="33"><userId>149292</userId><userGroups><userGroup>13915</userGroup><userGroup>12192</userGroup></userGroups><userActions>24</userActions></user><user id="34"><userId>149305</userId><userGroups><userGroup>13915</userGroup><userGroup>12192</userGroup></userGroups><userActions>29</userActions></user><user id="35"><userId>149318</userId><userGroups><userGroup>13915</userGroup><userGroup>12192</userGroup></userGroups><userActions>22</userActions></user><user id="36"><userId>149344</userId><userGroups><userGroup>13915</userGroup><userGroup>12192</userGroup></userGroups><userActions>37</userActions></user><user id="37"><userId>149357</userId><userGroups><userGroup>13915</userGroup><userGroup>12192</userGroup></userGroups><userActions>34</userActions></user><user id="38"><userId>149396</userId><userGroups><userGroup>13915</userGroup><userGroup>12192</userGroup></userGroups><userActions>31</userActions></user><user id="39"><userId>149422</userId><userGroups><userGroup>13915</userGroup><userGroup>12192</userGroup></userGroups><userActions>46</userActions></user><user id="40"><userId>149435</userId><userGroups><userGroup>13915</userGroup><userGroup>12192</userGroup></userGroups><userActions>34</userActions></user><user id="41"><userId>149448</userId><userGroups><userGroup>13915</userGroup><userGroup>12192</userGroup></userGroups><userActions>31</userActions></user><user id="42"><userId>149474</userId><userGroups><userGroup>13915</userGroup><userGroup>12192</userGroup></userGroups><userActions>60</userActions></user><user id="43"><userId>149487</userId><userGroups><userGroup>13915</userGroup><userGroup>12192</userGroup></userGroups><userActions>31</userActions></user><user id="44"><userId>149500</userId><userGroups><userGroup>13915</userGroup><userGroup>12192</userGroup></userGroups><userActions>35</userActions></user><user id="45"><userId>149513</userId><userGroups><userGroup>13915</userGroup><userGroup>12192</userGroup></userGroups><userActions>24</userActions></user><user id="46"><userId>149526</userId><userGroups><userGroup>13915</userGroup><userGroup>12192</userGroup></userGroups><userActions>32</userActions></user><user id="47"><userId>149539</userId><userGroups><userGroup>13915</userGroup><userGroup>12192</userGroup></userGroups><userActions>43</userActions></user><user id="48"><userId>149552</userId><userGroups><userGroup>13915</userGroup><userGroup>12192</userGroup></userGroups><userActions>46</userActions></user><user id="49"><userId>149565</userId><userGroups><userGroup>13915</userGroup><userGroup>12192</userGroup></userGroups><userActions>45</userActions></user><user id="50"><userId>149604</userId><userGroups><userGroup>13915</userGroup><userGroup>12192</userGroup></userGroups><userActions>32</userActions></user><user id="51"><userId>149630</userId><userGroups><userGroup>13915</userGroup><userGroup>12192</userGroup></userGroups><userActions>34</userActions></user><user id="52"><userId>149669</userId><userGroups><userGroup>13915</userGroup><userGroup>12192</userGroup></userGroups><userActions>33</userActions></user><user id="53"><userId>162541</userId><userGroups><userGroup>13915</userGroup><userGroup>12192</userGroup></userGroups><userActions>39</userActions></user><user id="54"><userId>162554</userId><userGroups><userGroup>13915</userGroup><userGroup>12192</userGroup></userGroups><userActions>29</userActions></user><user id="55"><userId>162567</userId><userGroups><userGroup>13915</userGroup><userGroup>12192</userGroup></userGroups><userActions>37</userActions></user><user id="56"><userId>162580</userId><userGroups><userGroup>13915</userGroup><userGroup>12192</userGroup></userGroups><userActions>63</userActions></user></report>