<?xml version="1.0" encoding="UTF-8" standalone="no"?><report><user id="1"><userId>0</userId><userGroups/><userActions>4375</userActions></user><user id="2"><userId>146701</userId><userGroups><userGroup>12847</userGroup><userGroup>12192</userGroup></userGroups><userActions>816</userActions></user><user id="3"><userId>146765</userId><userGroups><userGroup>12847</userGroup><userGroup>12192</userGroup></userGroups><userActions>349</userActions></user><user id="4"><userId>147277</userId><userGroups><userGroup>13915</userGroup></userGroups><userActions>12</userActions></user><user id="5"><userId>147290</userId><userGroups><userGroup>13915</userGroup></userGroups><userActions>15</userActions></user><user id="6"><userId>147303</userId><userGroups><userGroup>13915</userGroup></userGroups><userActions>25</userActions></user><user id="7"><userId>147316</userId><userGroups><userGroup>13915</userGroup><userGroup>12192</userGroup></userGroups><userActions>62</userActions></user><user id="8"><userId>147329</userId><userGroups><userGroup>13915</userGroup></userGroups><userActions>16</userActions></user><user id="9"><userId>147342</userId><userGroups><userGroup>13915</userGroup></userGroups><userActions>11</userActions></user><user id="10"><userId>147355</userId><userGroups><userGroup>13915</userGroup></userGroups><userActions>43</userActions></user><user id="11"><userId>147368</userId><userGroups><userGroup>13915</userGroup></userGroups><userActions>28</userActions></user><user id="12"><userId>147381</userId><userGroups><userGroup>13915</userGroup></userGroups><userActions>35</userActions></user><user id="13"><userId>147394</userId><userGroups><userGroup>13915</userGroup></userGroups><userActions>12</userActions></user><user id="14"><userId>147407</userId><userGroups><userGroup>13915</userGroup><userGroup>12192</userGroup></userGroups><userActions>37</userActions></user><user id="15"><userId>147420</userId><userGroups><userGroup>13915</userGroup></userGroups><userActions>17</userActions></user><user id="16"><userId>147433</userId><userGroups><userGroup>13915</userGroup></userGroups><userActions>12</userActions></user><user id="17"><userId>147446</userId><userGroups><userGroup>13915</userGroup></userGroups><userActions>20</userActions></user><user id="18"><userId>147485</userId><userGroups><userGroup>13915</userGroup></userGroups><userActions>14</userActions></user><user id="19"><userId>147498</userId><userGroups><userGroup>13915</userGroup></userGroups><userActions>42</userActions></user><user id="20"><userId>147511</userId><userGroups><userGroup>13915</userGroup></userGroups><userActions>32</userActions></user><user id="21"><userId>147524</userId><userGroups><userGroup>13915</userGroup></userGroups><userActions>39</userActions></user><user id="22"><userId>147537</userId><userGroups><userGroup>13915</userGroup></userGroups><userActions>15</userActions></user><user id="23"><userId>147550</userId><userGroups><userGroup>13915</userGroup></userGroups><userActions>12</userActions></user><user id="24"><userId>147563</userId><userGroups><userGroup>13915</userGroup><userGroup>12192</userGroup></userGroups><userActions>11</userActions></user><user id="25"><userId>147615</userId><userGroups><userGroup>13915</userGroup><userGroup>12192</userGroup></userGroups><userActions>47</userActions></user><user id="26"><userId>147628</userId><userGroups><userGroup>13915</userGroup></userGroups><userActions>34</userActions></user><user id="27"><userId>147641</userId><userGroups><userGroup>13915</userGroup><userGroup>12192</userGroup></userGroups><userActions>11</userActions></user><user id="28"><userId>147680</userId><userGroups><userGroup>13915</userGroup></userGroups><userActions>13</userActions></user><user id="29"><userId>147693</userId><userGroups><userGroup>13915</userGroup><userGroup>12192</userGroup></userGroups><userActions>2</userActions></user><user id="30"><userId>147706</userId><userGroups><userGroup>13915</userGroup><userGroup>12192</userGroup></userGroups><userActions>12</userActions></user><user id="31"><userId>147732</userId><userGroups><userGroup>13915</userGroup><userGroup>12192</userGroup></userGroups><userActions>13</userActions></user><user id="32"><userId>147745</userId><userGroups><userGroup>13915</userGroup></userGroups><userActions>13</userActions></user><user id="33"><userId>147758</userId><userGroups><userGroup>13915</userGroup></userGroups><userActions>13</userActions></user><user id="34"><userId>147771</userId><userGroups><userGroup>13915</userGroup></userGroups><userActions>12</userActions></user><user id="35"><userId>147784</userId><userGroups><userGroup>13915</userGroup><userGroup>12192</userGroup></userGroups><userActions>10</userActions></user><user id="36"><userId>147797</userId><userGroups><userGroup>13915</userGroup></userGroups><userActions>11</userActions></user><user id="37"><userId>147823</userId><userGroups><userGroup>13915</userGroup></userGroups><userActions>10</userActions></user><user id="38"><userId>147836</userId><userGroups><userGroup>13915</userGroup></userGroups><userActions>11</userActions></user><user id="39"><userId>147862</userId><userGroups><userGroup>13915</userGroup></userGroups><userActions>18</userActions></user><user id="40"><userId>147888</userId><userGroups><userGroup>13915</userGroup><userGroup>12192</userGroup></userGroups><userActions>13</userActions></user><user id="41"><userId>147927</userId><userGroups><userGroup>13915</userGroup></userGroups><userActions>12</userActions></user><user id="42"><userId>147940</userId><userGroups><userGroup>13915</userGroup></userGroups><userActions>12</userActions></user><user id="43"><userId>147966</userId><userGroups><userGroup>13915</userGroup><userGroup>12192</userGroup></userGroups><userActions>15</userActions></user><user id="44"><userId>147979</userId><userGroups><userGroup>13915</userGroup><userGroup>12192</userGroup></userGroups><userActions>10</userActions></user><user id="45"><userId>147992</userId><userGroups><userGroup>13915</userGroup><userGroup>12192</userGroup></userGroups><userActions>9</userActions></user><user id="46"><userId>148005</userId><userGroups><userGroup>13915</userGroup></userGroups><userActions>9</userActions></user><user id="47"><userId>148018</userId><userGroups><userGroup>13915</userGroup><userGroup>12192</userGroup></userGroups><userActions>12</userActions></user><user id="48"><userId>148031</userId><userGroups><userGroup>13915</userGroup></userGroups><userActions>24</userActions></user><user id="49"><userId>148109</userId><userGroups><userGroup>13915</userGroup><userGroup>12192</userGroup></userGroups><userActions>15</userActions></user><user id="50"><userId>148278</userId><userGroups><userGroup>13915</userGroup><userGroup>12192</userGroup></userGroups><userActions>8</userActions></user><user id="51"><userId>148304</userId><userGroups><userGroup>13915</userGroup><userGroup>12192</userGroup></userGroups><userActions>15</userActions></user><user id="52"><userId>148356</userId><userGroups><userGroup>13915</userGroup><userGroup>12192</userGroup></userGroups><userActions>12</userActions></user><user id="53"><userId>148369</userId><userGroups><userGroup>13915</userGroup><userGroup>12192</userGroup></userGroups><userActions>12</userActions></user><user id="54"><userId>149188</userId><userGroups><userGroup>13915</userGroup><userGroup>12192</userGroup></userGroups><userActions>25</userActions></user><user id="55"><userId>149201</userId><userGroups><userGroup>13915</userGroup><userGroup>12192</userGroup></userGroups><userActions>16</userActions></user><user id="56"><userId>149227</userId><userGroups><userGroup>13915</userGroup><userGroup>12192</userGroup></userGroups><userActions>41</userActions></user><user id="57"><userId>149240</userId><userGroups><userGroup>13915</userGroup></userGroups><userActions>31</userActions></user><user id="58"><userId>149331</userId><userGroups><userGroup>13915</userGroup><userGroup>12192</userGroup></userGroups><userActions>40</userActions></user><user id="59"><userId>149370</userId><userGroups><userGroup>13915</userGroup></userGroups><userActions>46</userActions></user><user id="60"><userId>149461</userId><userGroups><userGroup>13915</userGroup><userGroup>12192</userGroup></userGroups><userActions>10</userActions></user><user id="61"><userId>149578</userId><userGroups><userGroup>13915</userGroup><userGroup>12192</userGroup></userGroups><userActions>13</userActions></user><user id="62"><userId>149591</userId><userGroups><userGroup>13915</userGroup><userGroup>12192</userGroup></userGroups><userActions>14</userActions></user><user id="63"><userId>149643</userId><userGroups><userGroup>13915</userGroup><userGroup>12192</userGroup></userGroups><userActions>19</userActions></user><user id="64"><userId>149656</userId><userGroups><userGroup>13915</userGroup><userGroup>12192</userGroup></userGroups><userActions>14</userActions></user><user id="65"><userId>161778</userId><userGroups><userGroup>13915</userGroup></userGroups><userActions>32</userActions></user><user id="66"><userId>161791</userId><userGroups><userGroup>13915</userGroup><userGroup>12192</userGroup></userGroups><userActions>20</userActions></user><user id="67"><userId>161804</userId><userGroups><userGroup>13915</userGroup><userGroup>12192</userGroup></userGroups><userActions>15</userActions></user></report>