<?xml version="1.0" encoding="UTF-8" standalone="no"?><report><user id="1"><userId>0</userId><userGroups/><userActions>3263</userActions></user><user id="2"><userId>68802</userId><userGroups><userGroup>13923</userGroup><userGroup>12192</userGroup></userGroups><userActions>2</userActions></user><user id="3"><userId>146725</userId><userGroups><userGroup>12847</userGroup><userGroup>12192</userGroup></userGroups><userActions>572</userActions></user><user id="4"><userId>146741</userId><userGroups><userGroup>12847</userGroup><userGroup>12192</userGroup></userGroups><userActions>327</userActions></user><user id="5"><userId>146765</userId><userGroups><userGroup>12847</userGroup><userGroup>12192</userGroup></userGroups><userActions>6</userActions></user><user id="6"><userId>147459</userId><userGroups><userGroup>13915</userGroup></userGroups><userActions>24</userActions></user><user id="7"><userId>147472</userId><userGroups><userGroup>13915</userGroup></userGroups><userActions>22</userActions></user><user id="8"><userId>147576</userId><userGroups><userGroup>13915</userGroup></userGroups><userActions>19</userActions></user><user id="9"><userId>147602</userId><userGroups><userGroup>13915</userGroup></userGroups><userActions>18</userActions></user><user id="10"><userId>147667</userId><userGroups><userGroup>13915</userGroup></userGroups><userActions>17</userActions></user><user id="11"><userId>147810</userId><userGroups><userGroup>13915</userGroup></userGroups><userActions>22</userActions></user><user id="12"><userId>147875</userId><userGroups><userGroup>13915</userGroup></userGroups><userActions>11</userActions></user><user id="13"><userId>148278</userId><userGroups><userGroup>13915</userGroup><userGroup>12192</userGroup></userGroups><userActions>7</userActions></user><user id="14"><userId>160937</userId><userGroups><userGroup>13915</userGroup></userGroups><userActions>14</userActions></user><user id="15"><userId>161002</userId><userGroups><userGroup>13915</userGroup></userGroups><userActions>18</userActions></user><user id="16"><userId>161028</userId><userGroups><userGroup>13915</userGroup><userGroup>12192</userGroup></userGroups><userActions>16</userActions></user><user id="17"><userId>161041</userId><userGroups><userGroup>13915</userGroup></userGroups><userActions>27</userActions></user><user id="18"><userId>161054</userId><userGroups><userGroup>13915</userGroup><userGroup>12192</userGroup></userGroups><userActions>24</userActions></user><user id="19"><userId>161067</userId><userGroups><userGroup>13915</userGroup></userGroups><userActions>5</userActions></user><user id="20"><userId>161080</userId><userGroups><userGroup>13915</userGroup></userGroups><userActions>7</userActions></user><user id="21"><userId>161106</userId><userGroups><userGroup>13915</userGroup></userGroups><userActions>17</userActions></user><user id="22"><userId>161119</userId><userGroups><userGroup>13915</userGroup></userGroups><userActions>20</userActions></user><user id="23"><userId>161132</userId><userGroups><userGroup>13915</userGroup></userGroups><userActions>20</userActions></user><user id="24"><userId>161145</userId><userGroups><userGroup>13915</userGroup></userGroups><userActions>25</userActions></user><user id="25"><userId>161158</userId><userGroups><userGroup>13915</userGroup></userGroups><userActions>23</userActions></user><user id="26"><userId>161171</userId><userGroups><userGroup>13915</userGroup></userGroups><userActions>19</userActions></user><user id="27"><userId>161184</userId><userGroups><userGroup>13915</userGroup></userGroups><userActions>23</userActions></user><user id="28"><userId>161197</userId><userGroups><userGroup>13915</userGroup></userGroups><userActions>16</userActions></user><user id="29"><userId>161210</userId><userGroups><userGroup>13915</userGroup></userGroups><userActions>23</userActions></user><user id="30"><userId>161223</userId><userGroups><userGroup>13915</userGroup><userGroup>12192</userGroup></userGroups><userActions>26</userActions></user><user id="31"><userId>161236</userId><userGroups><userGroup>13915</userGroup></userGroups><userActions>18</userActions></user><user id="32"><userId>161249</userId><userGroups><userGroup>13915</userGroup></userGroups><userActions>24</userActions></user><user id="33"><userId>161262</userId><userGroups><userGroup>13915</userGroup></userGroups><userActions>21</userActions></user><user id="34"><userId>161275</userId><userGroups><userGroup>13915</userGroup></userGroups><userActions>19</userActions></user><user id="35"><userId>161288</userId><userGroups><userGroup>13915</userGroup></userGroups><userActions>14</userActions></user><user id="36"><userId>161301</userId><userGroups><userGroup>13915</userGroup><userGroup>12192</userGroup></userGroups><userActions>12</userActions></user><user id="37"><userId>161314</userId><userGroups><userGroup>13915</userGroup></userGroups><userActions>10</userActions></user><user id="38"><userId>161327</userId><userGroups><userGroup>13915</userGroup></userGroups><userActions>10</userActions></user><user id="39"><userId>161340</userId><userGroups><userGroup>13915</userGroup></userGroups><userActions>10</userActions></user><user id="40"><userId>161353</userId><userGroups><userGroup>13915</userGroup></userGroups><userActions>14</userActions></user><user id="41"><userId>161366</userId><userGroups><userGroup>13915</userGroup></userGroups><userActions>9</userActions></user><user id="42"><userId>161379</userId><userGroups><userGroup>13915</userGroup></userGroups><userActions>10</userActions></user><user id="43"><userId>161392</userId><userGroups><userGroup>13915</userGroup></userGroups><userActions>13</userActions></user><user id="44"><userId>161405</userId><userGroups><userGroup>13915</userGroup></userGroups><userActions>18</userActions></user><user id="45"><userId>162070</userId><userGroups><userGroup>13915</userGroup><userGroup>12192</userGroup></userGroups><userActions>18</userActions></user><user id="46"><userId>162083</userId><userGroups><userGroup>13915</userGroup><userGroup>12192</userGroup></userGroups><userActions>19</userActions></user><user id="47"><userId>162096</userId><userGroups><userGroup>13915</userGroup><userGroup>12192</userGroup></userGroups><userActions>7</userActions></user><user id="48"><userId>162109</userId><userGroups><userGroup>13915</userGroup><userGroup>12192</userGroup></userGroups><userActions>12</userActions></user><user id="49"><userId>162122</userId><userGroups><userGroup>13915</userGroup><userGroup>12192</userGroup></userGroups><userActions>9</userActions></user><user id="50"><userId>162138</userId><userGroups><userGroup>13915</userGroup><userGroup>12192</userGroup></userGroups><userActions>8</userActions></user><user id="51"><userId>162151</userId><userGroups><userGroup>13915</userGroup><userGroup>12192</userGroup></userGroups><userActions>7</userActions></user><user id="52"><userId>162164</userId><userGroups><userGroup>13915</userGroup><userGroup>12192</userGroup></userGroups><userActions>11</userActions></user><user id="53"><userId>162177</userId><userGroups><userGroup>13915</userGroup><userGroup>12192</userGroup></userGroups><userActions>15</userActions></user><user id="54"><userId>162190</userId><userGroups><userGroup>13915</userGroup><userGroup>12192</userGroup></userGroups><userActions>20</userActions></user><user id="55"><userId>162203</userId><userGroups><userGroup>13915</userGroup><userGroup>12192</userGroup></userGroups><userActions>15</userActions></user><user id="56"><userId>162216</userId><userGroups><userGroup>13915</userGroup><userGroup>12192</userGroup></userGroups><userActions>11</userActions></user><user id="57"><userId>162229</userId><userGroups><userGroup>13915</userGroup><userGroup>12192</userGroup></userGroups><userActions>12</userActions></user><user id="58"><userId>162242</userId><userGroups><userGroup>13915</userGroup><userGroup>12192</userGroup></userGroups><userActions>10</userActions></user><user id="59"><userId>162255</userId><userGroups><userGroup>13915</userGroup><userGroup>12192</userGroup></userGroups><userActions>5</userActions></user><user id="60"><userId>162268</userId><userGroups><userGroup>13915</userGroup><userGroup>12192</userGroup></userGroups><userActions>18</userActions></user><user id="61"><userId>162281</userId><userGroups><userGroup>13915</userGroup><userGroup>12192</userGroup></userGroups><userActions>7</userActions></user><user id="62"><userId>162294</userId><userGroups><userGroup>13915</userGroup><userGroup>12192</userGroup></userGroups><userActions>8</userActions></user><user id="63"><userId>164048</userId><userGroups><userGroup>13915</userGroup><userGroup>12192</userGroup></userGroups><userActions>19</userActions></user><user id="64"><userId>165153</userId><userGroups><userGroup>13915</userGroup><userGroup>12192</userGroup></userGroups><userActions>14</userActions></user></report>